TLC2 Version 2.19 of 08 August 2024 (rev: 5a47802)
Running breadth-first search Model-Checking with fp 59 and seed 2217504209790381613 with 1 worker on 64 cores with 962MB heap and 64MB offheap memory [pid: 3748885] (Linux 7.0.14-19-pve amd64, Debian 21.0.12.1 x86_64, MSBDiskFPSet, DiskStateQueue).
Parsing file /var/tmp/etcd-more-up-to-date-check/MoreUpToDate.tla
Parsing file /var/tmp/etcd-more-up-to-date-check/etcd_raftDefs.tla
Parsing file /var/tmp/etcd-more-up-to-date-check/etcd_raftModel.tla
Parsing file /tmp/Naturals.tla
Parsing file /tmp/Integers.tla
Parsing file /tmp/Bags.tla
Parsing file /tmp/FiniteSets.tla
Parsing file /tmp/Sequences.tla
Parsing file /var/tmp/tlaps-bench-tools/CommunityModules/modules/SequencesExt.tla
Parsing file /var/tmp/tlaps-bench-tools/CommunityModules/modules/FiniteSetsExt.tla
Parsing file /var/tmp/tlaps-bench-tools/CommunityModules/modules/BagsExt.tla
Parsing file /tmp/TLC.tla
Parsing file /var/tmp/tlaps-bench-tools/CommunityModules/modules/Folds.tla
Parsing file /var/tmp/tlaps-bench-tools/CommunityModules/modules/Functions.tla
Semantic processing of module Naturals
Semantic processing of module Integers
Semantic processing of module Sequences
Semantic processing of module FiniteSets
Semantic processing of module TLC
Semantic processing of module Bags
Semantic processing of module Folds
Semantic processing of module Functions
Semantic processing of module FiniteSetsExt
Semantic processing of module SequencesExt
Semantic processing of module BagsExt
Semantic processing of module etcd_raftModel
Semantic processing of module etcd_raftDefs
Semantic processing of module MoreUpToDate
Starting... (2026-10-04 12:46:49)
Computing initial states...
Finished computing initial states: 1 distinct state generated at 2026-10-04 12:46:50.
Error: Invariant MoreUpToDateCorrectInv is violated.
Error: The behavior up to this point is:
State 1: <Initial predicate>
/\ config = << [jointConfig |-> <<{1, 2, 3, 4, 5}, {}>>, learners |-> {}],
   [jointConfig |-> <<{1, 2, 3, 4, 5}, {}>>, learners |-> {}],
   [jointConfig |-> <<{1, 2, 3, 4, 5}, {}>>, learners |-> {}],
   [jointConfig |-> <<{1, 2, 3, 4, 5}, {}>>, learners |-> {}],
   [jointConfig |-> <<{1, 2, 3, 4, 5}, {}>>, learners |-> {}] >>
/\ votesResponded = <<{}, {}, {}, {}, {}>>
/\ reconfigCount = 0
/\ currentTerm = <<0, 0, 0, 0, 0>>
/\ votedFor = <<Nil, Nil, Nil, Nil, Nil>>
/\ pendingMessages = << >>
/\ pc = 0
/\ matchIndex = << <<0, 0, 0, 0, 0>>,
   <<0, 0, 0, 0, 0>>,
   <<0, 0, 0, 0, 0>>,
   <<0, 0, 0, 0, 0>>,
   <<0, 0, 0, 0, 0>> >>
/\ commitIndex = <<0, 0, 0, 0, 0>>
/\ pendingConfChangeIndex = <<0, 0, 0, 0, 0>>
/\ durableState = << [ currentTerm |-> 0,
     commitIndex |-> 0,
     log |-> 0,
     votedFor |-> Nil,
     config |-> [jointConfig |-> <<{1, 2, 3, 4, 5}, {}>>, learners |-> {}],
     logEntries |-> <<>> ],
   [ currentTerm |-> 0,
     commitIndex |-> 0,
     log |-> 0,
     votedFor |-> Nil,
     config |-> [jointConfig |-> <<{1, 2, 3, 4, 5}, {}>>, learners |-> {}],
     logEntries |-> <<>> ],
   [ currentTerm |-> 0,
     commitIndex |-> 0,
     log |-> 0,
     votedFor |-> Nil,
     config |-> [jointConfig |-> <<{1, 2, 3, 4, 5}, {}>>, learners |-> {}],
     logEntries |-> <<>> ],
   [ currentTerm |-> 0,
     commitIndex |-> 0,
     log |-> 0,
     votedFor |-> Nil,
     config |-> [jointConfig |-> <<{1, 2, 3, 4, 5}, {}>>, learners |-> {}],
     logEntries |-> <<>> ],
   [ currentTerm |-> 0,
     commitIndex |-> 0,
     log |-> 0,
     votedFor |-> Nil,
     config |-> [jointConfig |-> <<{1, 2, 3, 4, 5}, {}>>, learners |-> {}],
     logEntries |-> <<>> ] >>
/\ state = <<Follower, Follower, Follower, Follower, Follower>>
/\ messages = << >>
/\ log = <<<<>>, <<>>, <<>>, <<>>, <<>>>>
/\ votesGranted = <<{}, {}, {}, {}, {}>>

State 2: <Step line 12, col 6 to line 12, col 24 of module MoreUpToDate>
/\ config = << [jointConfig |-> <<{1, 2, 3, 4, 5}, {}>>, learners |-> {}],
   [jointConfig |-> <<{1, 2, 3, 4, 5}, {}>>, learners |-> {}],
   [jointConfig |-> <<{1, 2, 3, 4, 5}, {}>>, learners |-> {}],
   [jointConfig |-> <<{1, 2, 3, 4, 5}, {}>>, learners |-> {}],
   [jointConfig |-> <<{1, 2, 3, 4, 5}, {}>>, learners |-> {}] >>
/\ votesResponded = <<{}, {}, {}, {}, {}>>
/\ reconfigCount = 0
/\ currentTerm = <<1, 0, 0, 0, 0>>
/\ votedFor = <<1, Nil, Nil, Nil, Nil>>
/\ pendingMessages = << >>
/\ pc = 1
/\ matchIndex = << <<0, 0, 0, 0, 0>>,
   <<0, 0, 0, 0, 0>>,
   <<0, 0, 0, 0, 0>>,
   <<0, 0, 0, 0, 0>>,
   <<0, 0, 0, 0, 0>> >>
/\ commitIndex = <<0, 0, 0, 0, 0>>
/\ pendingConfChangeIndex = <<0, 0, 0, 0, 0>>
/\ durableState = << [ currentTerm |-> 0,
     commitIndex |-> 0,
     log |-> 0,
     votedFor |-> Nil,
     config |-> [jointConfig |-> <<{1, 2, 3, 4, 5}, {}>>, learners |-> {}],
     logEntries |-> <<>> ],
   [ currentTerm |-> 0,
     commitIndex |-> 0,
     log |-> 0,
     votedFor |-> Nil,
     config |-> [jointConfig |-> <<{1, 2, 3, 4, 5}, {}>>, learners |-> {}],
     logEntries |-> <<>> ],
   [ currentTerm |-> 0,
     commitIndex |-> 0,
     log |-> 0,
     votedFor |-> Nil,
     config |-> [jointConfig |-> <<{1, 2, 3, 4, 5}, {}>>, learners |-> {}],
     logEntries |-> <<>> ],
   [ currentTerm |-> 0,
     commitIndex |-> 0,
     log |-> 0,
     votedFor |-> Nil,
     config |-> [jointConfig |-> <<{1, 2, 3, 4, 5}, {}>>, learners |-> {}],
     logEntries |-> <<>> ],
   [ currentTerm |-> 0,
     commitIndex |-> 0,
     log |-> 0,
     votedFor |-> Nil,
     config |-> [jointConfig |-> <<{1, 2, 3, 4, 5}, {}>>, learners |-> {}],
     logEntries |-> <<>> ] >>
/\ state = <<Candidate, Follower, Follower, Follower, Follower>>
/\ messages = << >>
/\ log = <<<<>>, <<>>, <<>>, <<>>, <<>>>>
/\ votesGranted = <<{}, {}, {}, {}, {}>>

State 3: <Step line 13, col 6 to line 13, col 30 of module MoreUpToDate>
/\ config = << [jointConfig |-> <<{1, 2, 3, 4, 5}, {}>>, learners |-> {}],
   [jointConfig |-> <<{1, 2, 3, 4, 5}, {}>>, learners |-> {}],
   [jointConfig |-> <<{1, 2, 3, 4, 5}, {}>>, learners |-> {}],
   [jointConfig |-> <<{1, 2, 3, 4, 5}, {}>>, learners |-> {}],
   [jointConfig |-> <<{1, 2, 3, 4, 5}, {}>>, learners |-> {}] >>
/\ votesResponded = <<{}, {}, {}, {}, {}>>
/\ reconfigCount = 0
/\ currentTerm = <<1, 0, 0, 0, 0>>
/\ votedFor = <<1, Nil, Nil, Nil, Nil>>
/\ pendingMessages = ( [ msource |-> 1,
    mdest |-> 1,
    mtype |-> RequestVoteResponse,
    mterm |-> 1,
    mvoteGranted |-> TRUE ] :>
      1 )
/\ pc = 2
/\ matchIndex = << <<0, 0, 0, 0, 0>>,
   <<0, 0, 0, 0, 0>>,
   <<0, 0, 0, 0, 0>>,
   <<0, 0, 0, 0, 0>>,
   <<0, 0, 0, 0, 0>> >>
/\ commitIndex = <<0, 0, 0, 0, 0>>
/\ pendingConfChangeIndex = <<0, 0, 0, 0, 0>>
/\ durableState = << [ currentTerm |-> 0,
     commitIndex |-> 0,
     log |-> 0,
     votedFor |-> Nil,
     config |-> [jointConfig |-> <<{1, 2, 3, 4, 5}, {}>>, learners |-> {}],
     logEntries |-> <<>> ],
   [ currentTerm |-> 0,
     commitIndex |-> 0,
     log |-> 0,
     votedFor |-> Nil,
     config |-> [jointConfig |-> <<{1, 2, 3, 4, 5}, {}>>, learners |-> {}],
     logEntries |-> <<>> ],
   [ currentTerm |-> 0,
     commitIndex |-> 0,
     log |-> 0,
     votedFor |-> Nil,
     config |-> [jointConfig |-> <<{1, 2, 3, 4, 5}, {}>>, learners |-> {}],
     logEntries |-> <<>> ],
   [ currentTerm |-> 0,
     commitIndex |-> 0,
     log |-> 0,
     votedFor |-> Nil,
     config |-> [jointConfig |-> <<{1, 2, 3, 4, 5}, {}>>, learners |-> {}],
     logEntries |-> <<>> ],
   [ currentTerm |-> 0,
     commitIndex |-> 0,
     log |-> 0,
     votedFor |-> Nil,
     config |-> [jointConfig |-> <<{1, 2, 3, 4, 5}, {}>>, learners |-> {}],
     logEntries |-> <<>> ] >>
/\ state = <<Candidate, Follower, Follower, Follower, Follower>>
/\ messages = << >>
/\ log = <<<<>>, <<>>, <<>>, <<>>, <<>>>>
/\ votesGranted = <<{}, {}, {}, {}, {}>>

State 4: <Step line 14, col 6 to line 14, col 30 of module MoreUpToDate>
/\ config = << [jointConfig |-> <<{1, 2, 3, 4, 5}, {}>>, learners |-> {}],
   [jointConfig |-> <<{1, 2, 3, 4, 5}, {}>>, learners |-> {}],
   [jointConfig |-> <<{1, 2, 3, 4, 5}, {}>>, learners |-> {}],
   [jointConfig |-> <<{1, 2, 3, 4, 5}, {}>>, learners |-> {}],
   [jointConfig |-> <<{1, 2, 3, 4, 5}, {}>>, learners |-> {}] >>
/\ votesResponded = <<{}, {}, {}, {}, {}>>
/\ reconfigCount = 0
/\ currentTerm = <<1, 0, 0, 0, 0>>
/\ votedFor = <<1, Nil, Nil, Nil, Nil>>
/\ pendingMessages = ( [ msource |-> 1,
    mdest |-> 1,
    mtype |-> RequestVoteResponse,
    mterm |-> 1,
    mvoteGranted |-> TRUE ] :>
      1 @@
  [ msource |-> 1,
    mdest |-> 4,
    mtype |-> RequestVoteRequest,
    mterm |-> 1,
    mlastLogTerm |-> 0,
    mlastLogIndex |-> 0 ] :>
      1 )
/\ pc = 3
/\ matchIndex = << <<0, 0, 0, 0, 0>>,
   <<0, 0, 0, 0, 0>>,
   <<0, 0, 0, 0, 0>>,
   <<0, 0, 0, 0, 0>>,
   <<0, 0, 0, 0, 0>> >>
/\ commitIndex = <<0, 0, 0, 0, 0>>
/\ pendingConfChangeIndex = <<0, 0, 0, 0, 0>>
/\ durableState = << [ currentTerm |-> 0,
     commitIndex |-> 0,
     log |-> 0,
     votedFor |-> Nil,
     config |-> [jointConfig |-> <<{1, 2, 3, 4, 5}, {}>>, learners |-> {}],
     logEntries |-> <<>> ],
   [ currentTerm |-> 0,
     commitIndex |-> 0,
     log |-> 0,
     votedFor |-> Nil,
     config |-> [jointConfig |-> <<{1, 2, 3, 4, 5}, {}>>, learners |-> {}],
     logEntries |-> <<>> ],
   [ currentTerm |-> 0,
     commitIndex |-> 0,
     log |-> 0,
     votedFor |-> Nil,
     config |-> [jointConfig |-> <<{1, 2, 3, 4, 5}, {}>>, learners |-> {}],
     logEntries |-> <<>> ],
   [ currentTerm |-> 0,
     commitIndex |-> 0,
     log |-> 0,
     votedFor |-> Nil,
     config |-> [jointConfig |-> <<{1, 2, 3, 4, 5}, {}>>, learners |-> {}],
     logEntries |-> <<>> ],
   [ currentTerm |-> 0,
     commitIndex |-> 0,
     log |-> 0,
     votedFor |-> Nil,
     config |-> [jointConfig |-> <<{1, 2, 3, 4, 5}, {}>>, learners |-> {}],
     logEntries |-> <<>> ] >>
/\ state = <<Candidate, Follower, Follower, Follower, Follower>>
/\ messages = << >>
/\ log = <<<<>>, <<>>, <<>>, <<>>, <<>>>>
/\ votesGranted = <<{}, {}, {}, {}, {}>>

State 5: <Step line 15, col 6 to line 15, col 30 of module MoreUpToDate>
/\ config = << [jointConfig |-> <<{1, 2, 3, 4, 5}, {}>>, learners |-> {}],
   [jointConfig |-> <<{1, 2, 3, 4, 5}, {}>>, learners |-> {}],
   [jointConfig |-> <<{1, 2, 3, 4, 5}, {}>>, learners |-> {}],
   [jointConfig |-> <<{1, 2, 3, 4, 5}, {}>>, learners |-> {}],
   [jointConfig |-> <<{1, 2, 3, 4, 5}, {}>>, learners |-> {}] >>
/\ votesResponded = <<{}, {}, {}, {}, {}>>
/\ reconfigCount = 0
/\ currentTerm = <<1, 0, 0, 0, 0>>
/\ votedFor = <<1, Nil, Nil, Nil, Nil>>
/\ pendingMessages = ( [ msource |-> 1,
    mdest |-> 1,
    mtype |-> RequestVoteResponse,
    mterm |-> 1,
    mvoteGranted |-> TRUE ] :>
      1 @@
  [ msource |-> 1,
    mdest |-> 4,
    mtype |-> RequestVoteRequest,
    mterm |-> 1,
    mlastLogTerm |-> 0,
    mlastLogIndex |-> 0 ] :>
      1 @@
  [ msource |-> 1,
    mdest |-> 5,
    mtype |-> RequestVoteRequest,
    mterm |-> 1,
    mlastLogTerm |-> 0,
    mlastLogIndex |-> 0 ] :>
      1 )
/\ pc = 4
/\ matchIndex = << <<0, 0, 0, 0, 0>>,
   <<0, 0, 0, 0, 0>>,
   <<0, 0, 0, 0, 0>>,
   <<0, 0, 0, 0, 0>>,
   <<0, 0, 0, 0, 0>> >>
/\ commitIndex = <<0, 0, 0, 0, 0>>
/\ pendingConfChangeIndex = <<0, 0, 0, 0, 0>>
/\ durableState = << [ currentTerm |-> 0,
     commitIndex |-> 0,
     log |-> 0,
     votedFor |-> Nil,
     config |-> [jointConfig |-> <<{1, 2, 3, 4, 5}, {}>>, learners |-> {}],
     logEntries |-> <<>> ],
   [ currentTerm |-> 0,
     commitIndex |-> 0,
     log |-> 0,
     votedFor |-> Nil,
     config |-> [jointConfig |-> <<{1, 2, 3, 4, 5}, {}>>, learners |-> {}],
     logEntries |-> <<>> ],
   [ currentTerm |-> 0,
     commitIndex |-> 0,
     log |-> 0,
     votedFor |-> Nil,
     config |-> [jointConfig |-> <<{1, 2, 3, 4, 5}, {}>>, learners |-> {}],
     logEntries |-> <<>> ],
   [ currentTerm |-> 0,
     commitIndex |-> 0,
     log |-> 0,
     votedFor |-> Nil,
     config |-> [jointConfig |-> <<{1, 2, 3, 4, 5}, {}>>, learners |-> {}],
     logEntries |-> <<>> ],
   [ currentTerm |-> 0,
     commitIndex |-> 0,
     log |-> 0,
     votedFor |-> Nil,
     config |-> [jointConfig |-> <<{1, 2, 3, 4, 5}, {}>>, learners |-> {}],
     logEntries |-> <<>> ] >>
/\ state = <<Candidate, Follower, Follower, Follower, Follower>>
/\ messages = << >>
/\ log = <<<<>>, <<>>, <<>>, <<>>, <<>>>>
/\ votesGranted = <<{}, {}, {}, {}, {}>>

State 6: <Step line 16, col 6 to line 16, col 22 of module MoreUpToDate>
/\ config = << [jointConfig |-> <<{1, 2, 3, 4, 5}, {}>>, learners |-> {}],
   [jointConfig |-> <<{1, 2, 3, 4, 5}, {}>>, learners |-> {}],
   [jointConfig |-> <<{1, 2, 3, 4, 5}, {}>>, learners |-> {}],
   [jointConfig |-> <<{1, 2, 3, 4, 5}, {}>>, learners |-> {}],
   [jointConfig |-> <<{1, 2, 3, 4, 5}, {}>>, learners |-> {}] >>
/\ votesResponded = <<{}, {}, {}, {}, {}>>
/\ reconfigCount = 0
/\ currentTerm = <<1, 0, 0, 0, 0>>
/\ votedFor = <<1, Nil, Nil, Nil, Nil>>
/\ pendingMessages = << >>
/\ pc = 5
/\ matchIndex = << <<0, 0, 0, 0, 0>>,
   <<0, 0, 0, 0, 0>>,
   <<0, 0, 0, 0, 0>>,
   <<0, 0, 0, 0, 0>>,
   <<0, 0, 0, 0, 0>> >>
/\ commitIndex = <<0, 0, 0, 0, 0>>
/\ pendingConfChangeIndex = <<0, 0, 0, 0, 0>>
/\ durableState = << [ currentTerm |-> 1,
     commitIndex |-> 0,
     log |-> 0,
     votedFor |-> 1,
     config |-> [jointConfig |-> <<{1, 2, 3, 4, 5}, {}>>, learners |-> {}],
     logEntries |-> <<>> ],
   [ currentTerm |-> 0,
     commitIndex |-> 0,
     log |-> 0,
     votedFor |-> Nil,
     config |-> [jointConfig |-> <<{1, 2, 3, 4, 5}, {}>>, learners |-> {}],
     logEntries |-> <<>> ],
   [ currentTerm |-> 0,
     commitIndex |-> 0,
     log |-> 0,
     votedFor |-> Nil,
     config |-> [jointConfig |-> <<{1, 2, 3, 4, 5}, {}>>, learners |-> {}],
     logEntries |-> <<>> ],
   [ currentTerm |-> 0,
     commitIndex |-> 0,
     log |-> 0,
     votedFor |-> Nil,
     config |-> [jointConfig |-> <<{1, 2, 3, 4, 5}, {}>>, learners |-> {}],
     logEntries |-> <<>> ],
   [ currentTerm |-> 0,
     commitIndex |-> 0,
     log |-> 0,
     votedFor |-> Nil,
     config |-> [jointConfig |-> <<{1, 2, 3, 4, 5}, {}>>, learners |-> {}],
     logEntries |-> <<>> ] >>
/\ state = <<Candidate, Follower, Follower, Follower, Follower>>
/\ messages = ( [ msource |-> 1,
    mdest |-> 1,
    mtype |-> RequestVoteResponse,
    mterm |-> 1,
    mvoteGranted |-> TRUE ] :>
      1 @@
  [ msource |-> 1,
    mdest |-> 4,
    mtype |-> RequestVoteRequest,
    mterm |-> 1,
    mlastLogTerm |-> 0,
    mlastLogIndex |-> 0 ] :>
      1 @@
  [ msource |-> 1,
    mdest |-> 5,
    mtype |-> RequestVoteRequest,
    mterm |-> 1,
    mlastLogTerm |-> 0,
    mlastLogIndex |-> 0 ] :>
      1 )
/\ log = <<<<>>, <<>>, <<>>, <<>>, <<>>>>
/\ votesGranted = <<{}, {}, {}, {}, {}>>

State 7: <Step line 17, col 6 to line 17, col 43 of module MoreUpToDate>
/\ config = << [jointConfig |-> <<{1, 2, 3, 4, 5}, {}>>, learners |-> {}],
   [jointConfig |-> <<{1, 2, 3, 4, 5}, {}>>, learners |-> {}],
   [jointConfig |-> <<{1, 2, 3, 4, 5}, {}>>, learners |-> {}],
   [jointConfig |-> <<{1, 2, 3, 4, 5}, {}>>, learners |-> {}],
   [jointConfig |-> <<{1, 2, 3, 4, 5}, {}>>, learners |-> {}] >>
/\ votesResponded = <<{1}, {}, {}, {}, {}>>
/\ reconfigCount = 0
/\ currentTerm = <<1, 0, 0, 0, 0>>
/\ votedFor = <<1, Nil, Nil, Nil, Nil>>
/\ pendingMessages = << >>
/\ pc = 6
/\ matchIndex = << <<0, 0, 0, 0, 0>>,
   <<0, 0, 0, 0, 0>>,
   <<0, 0, 0, 0, 0>>,
   <<0, 0, 0, 0, 0>>,
   <<0, 0, 0, 0, 0>> >>
/\ commitIndex = <<0, 0, 0, 0, 0>>
/\ pendingConfChangeIndex = <<0, 0, 0, 0, 0>>
/\ durableState = << [ currentTerm |-> 1,
     commitIndex |-> 0,
     log |-> 0,
     votedFor |-> 1,
     config |-> [jointConfig |-> <<{1, 2, 3, 4, 5}, {}>>, learners |-> {}],
     logEntries |-> <<>> ],
   [ currentTerm |-> 0,
     commitIndex |-> 0,
     log |-> 0,
     votedFor |-> Nil,
     config |-> [jointConfig |-> <<{1, 2, 3, 4, 5}, {}>>, learners |-> {}],
     logEntries |-> <<>> ],
   [ currentTerm |-> 0,
     commitIndex |-> 0,
     log |-> 0,
     votedFor |-> Nil,
     config |-> [jointConfig |-> <<{1, 2, 3, 4, 5}, {}>>, learners |-> {}],
     logEntries |-> <<>> ],
   [ currentTerm |-> 0,
     commitIndex |-> 0,
     log |-> 0,
     votedFor |-> Nil,
     config |-> [jointConfig |-> <<{1, 2, 3, 4, 5}, {}>>, learners |-> {}],
     logEntries |-> <<>> ],
   [ currentTerm |-> 0,
     commitIndex |-> 0,
     log |-> 0,
     votedFor |-> Nil,
     config |-> [jointConfig |-> <<{1, 2, 3, 4, 5}, {}>>, learners |-> {}],
     logEntries |-> <<>> ] >>
/\ state = <<Candidate, Follower, Follower, Follower, Follower>>
/\ messages = ( [ msource |-> 1,
    mdest |-> 4,
    mtype |-> RequestVoteRequest,
    mterm |-> 1,
    mlastLogTerm |-> 0,
    mlastLogIndex |-> 0 ] :>
      1 @@
  [ msource |-> 1,
    mdest |-> 5,
    mtype |-> RequestVoteRequest,
    mterm |-> 1,
    mlastLogTerm |-> 0,
    mlastLogIndex |-> 0 ] :>
      1 )
/\ log = <<<<>>, <<>>, <<>>, <<>>, <<>>>>
/\ votesGranted = <<{1}, {}, {}, {}, {}>>

State 8: <Step line 18, col 6 to line 18, col 42 of module MoreUpToDate>
/\ config = << [jointConfig |-> <<{1, 2, 3, 4, 5}, {}>>, learners |-> {}],
   [jointConfig |-> <<{1, 2, 3, 4, 5}, {}>>, learners |-> {}],
   [jointConfig |-> <<{1, 2, 3, 4, 5}, {}>>, learners |-> {}],
   [jointConfig |-> <<{1, 2, 3, 4, 5}, {}>>, learners |-> {}],
   [jointConfig |-> <<{1, 2, 3, 4, 5}, {}>>, learners |-> {}] >>
/\ votesResponded = <<{1}, {}, {}, {}, {}>>
/\ reconfigCount = 0
/\ currentTerm = <<1, 0, 0, 1, 0>>
/\ votedFor = <<1, Nil, Nil, Nil, Nil>>
/\ pendingMessages = << >>
/\ pc = 7
/\ matchIndex = << <<0, 0, 0, 0, 0>>,
   <<0, 0, 0, 0, 0>>,
   <<0, 0, 0, 0, 0>>,
   <<0, 0, 0, 0, 0>>,
   <<0, 0, 0, 0, 0>> >>
/\ commitIndex = <<0, 0, 0, 0, 0>>
/\ pendingConfChangeIndex = <<0, 0, 0, 0, 0>>
/\ durableState = << [ currentTerm |-> 1,
     commitIndex |-> 0,
     log |-> 0,
     votedFor |-> 1,
     config |-> [jointConfig |-> <<{1, 2, 3, 4, 5}, {}>>, learners |-> {}],
     logEntries |-> <<>> ],
   [ currentTerm |-> 0,
     commitIndex |-> 0,
     log |-> 0,
     votedFor |-> Nil,
     config |-> [jointConfig |-> <<{1, 2, 3, 4, 5}, {}>>, learners |-> {}],
     logEntries |-> <<>> ],
   [ currentTerm |-> 0,
     commitIndex |-> 0,
     log |-> 0,
     votedFor |-> Nil,
     config |-> [jointConfig |-> <<{1, 2, 3, 4, 5}, {}>>, learners |-> {}],
     logEntries |-> <<>> ],
   [ currentTerm |-> 0,
     commitIndex |-> 0,
     log |-> 0,
     votedFor |-> Nil,
     config |-> [jointConfig |-> <<{1, 2, 3, 4, 5}, {}>>, learners |-> {}],
     logEntries |-> <<>> ],
   [ currentTerm |-> 0,
     commitIndex |-> 0,
     log |-> 0,
     votedFor |-> Nil,
     config |-> [jointConfig |-> <<{1, 2, 3, 4, 5}, {}>>, learners |-> {}],
     logEntries |-> <<>> ] >>
/\ state = <<Candidate, Follower, Follower, Follower, Follower>>
/\ messages = ( [ msource |-> 1,
    mdest |-> 4,
    mtype |-> RequestVoteRequest,
    mterm |-> 1,
    mlastLogTerm |-> 0,
    mlastLogIndex |-> 0 ] :>
      1 @@
  [ msource |-> 1,
    mdest |-> 5,
    mtype |-> RequestVoteRequest,
    mterm |-> 1,
    mlastLogTerm |-> 0,
    mlastLogIndex |-> 0 ] :>
      1 )
/\ log = <<<<>>, <<>>, <<>>, <<>>, <<>>>>
/\ votesGranted = <<{1}, {}, {}, {}, {}>>

State 9: <Step line 19, col 6 to line 19, col 42 of module MoreUpToDate>
/\ config = << [jointConfig |-> <<{1, 2, 3, 4, 5}, {}>>, learners |-> {}],
   [jointConfig |-> <<{1, 2, 3, 4, 5}, {}>>, learners |-> {}],
   [jointConfig |-> <<{1, 2, 3, 4, 5}, {}>>, learners |-> {}],
   [jointConfig |-> <<{1, 2, 3, 4, 5}, {}>>, learners |-> {}],
   [jointConfig |-> <<{1, 2, 3, 4, 5}, {}>>, learners |-> {}] >>
/\ votesResponded = <<{1}, {}, {}, {}, {}>>
/\ reconfigCount = 0
/\ currentTerm = <<1, 0, 0, 1, 0>>
/\ votedFor = <<1, Nil, Nil, 1, Nil>>
/\ pendingMessages = ( [ msource |-> 4,
    mdest |-> 1,
    mtype |-> RequestVoteResponse,
    mterm |-> 1,
    mvoteGranted |-> TRUE ] :>
      1 )
/\ pc = 8
/\ matchIndex = << <<0, 0, 0, 0, 0>>,
   <<0, 0, 0, 0, 0>>,
   <<0, 0, 0, 0, 0>>,
   <<0, 0, 0, 0, 0>>,
   <<0, 0, 0, 0, 0>> >>
/\ commitIndex = <<0, 0, 0, 0, 0>>
/\ pendingConfChangeIndex = <<0, 0, 0, 0, 0>>
/\ durableState = << [ currentTerm |-> 1,
     commitIndex |-> 0,
     log |-> 0,
     votedFor |-> 1,
     config |-> [jointConfig |-> <<{1, 2, 3, 4, 5}, {}>>, learners |-> {}],
     logEntries |-> <<>> ],
   [ currentTerm |-> 0,
     commitIndex |-> 0,
     log |-> 0,
     votedFor |-> Nil,
     config |-> [jointConfig |-> <<{1, 2, 3, 4, 5}, {}>>, learners |-> {}],
     logEntries |-> <<>> ],
   [ currentTerm |-> 0,
     commitIndex |-> 0,
     log |-> 0,
     votedFor |-> Nil,
     config |-> [jointConfig |-> <<{1, 2, 3, 4, 5}, {}>>, learners |-> {}],
     logEntries |-> <<>> ],
   [ currentTerm |-> 0,
     commitIndex |-> 0,
     log |-> 0,
     votedFor |-> Nil,
     config |-> [jointConfig |-> <<{1, 2, 3, 4, 5}, {}>>, learners |-> {}],
     logEntries |-> <<>> ],
   [ currentTerm |-> 0,
     commitIndex |-> 0,
     log |-> 0,
     votedFor |-> Nil,
     config |-> [jointConfig |-> <<{1, 2, 3, 4, 5}, {}>>, learners |-> {}],
     logEntries |-> <<>> ] >>
/\ state = <<Candidate, Follower, Follower, Follower, Follower>>
/\ messages = ( [ msource |-> 1,
    mdest |-> 5,
    mtype |-> RequestVoteRequest,
    mterm |-> 1,
    mlastLogTerm |-> 0,
    mlastLogIndex |-> 0 ] :>
      1 )
/\ log = <<<<>>, <<>>, <<>>, <<>>, <<>>>>
/\ votesGranted = <<{1}, {}, {}, {}, {}>>

State 10: <Step line 20, col 6 to line 20, col 22 of module MoreUpToDate>
/\ config = << [jointConfig |-> <<{1, 2, 3, 4, 5}, {}>>, learners |-> {}],
   [jointConfig |-> <<{1, 2, 3, 4, 5}, {}>>, learners |-> {}],
   [jointConfig |-> <<{1, 2, 3, 4, 5}, {}>>, learners |-> {}],
   [jointConfig |-> <<{1, 2, 3, 4, 5}, {}>>, learners |-> {}],
   [jointConfig |-> <<{1, 2, 3, 4, 5}, {}>>, learners |-> {}] >>
/\ votesResponded = <<{1}, {}, {}, {}, {}>>
/\ reconfigCount = 0
/\ currentTerm = <<1, 0, 0, 1, 0>>
/\ votedFor = <<1, Nil, Nil, 1, Nil>>
/\ pendingMessages = << >>
/\ pc = 9
/\ matchIndex = << <<0, 0, 0, 0, 0>>,
   <<0, 0, 0, 0, 0>>,
   <<0, 0, 0, 0, 0>>,
   <<0, 0, 0, 0, 0>>,
   <<0, 0, 0, 0, 0>> >>
/\ commitIndex = <<0, 0, 0, 0, 0>>
/\ pendingConfChangeIndex = <<0, 0, 0, 0, 0>>
/\ durableState = << [ currentTerm |-> 1,
     commitIndex |-> 0,
     log |-> 0,
     votedFor |-> 1,
     config |-> [jointConfig |-> <<{1, 2, 3, 4, 5}, {}>>, learners |-> {}],
     logEntries |-> <<>> ],
   [ currentTerm |-> 0,
     commitIndex |-> 0,
     log |-> 0,
     votedFor |-> Nil,
     config |-> [jointConfig |-> <<{1, 2, 3, 4, 5}, {}>>, learners |-> {}],
     logEntries |-> <<>> ],
   [ currentTerm |-> 0,
     commitIndex |-> 0,
     log |-> 0,
     votedFor |-> Nil,
     config |-> [jointConfig |-> <<{1, 2, 3, 4, 5}, {}>>, learners |-> {}],
     logEntries |-> <<>> ],
   [ currentTerm |-> 1,
     commitIndex |-> 0,
     log |-> 0,
     votedFor |-> 1,
     config |-> [jointConfig |-> <<{1, 2, 3, 4, 5}, {}>>, learners |-> {}],
     logEntries |-> <<>> ],
   [ currentTerm |-> 0,
     commitIndex |-> 0,
     log |-> 0,
     votedFor |-> Nil,
     config |-> [jointConfig |-> <<{1, 2, 3, 4, 5}, {}>>, learners |-> {}],
     logEntries |-> <<>> ] >>
/\ state = <<Candidate, Follower, Follower, Follower, Follower>>
/\ messages = ( [ msource |-> 4,
    mdest |-> 1,
    mtype |-> RequestVoteResponse,
    mterm |-> 1,
    mvoteGranted |-> TRUE ] :>
      1 @@
  [ msource |-> 1,
    mdest |-> 5,
    mtype |-> RequestVoteRequest,
    mterm |-> 1,
    mlastLogTerm |-> 0,
    mlastLogIndex |-> 0 ] :>
      1 )
/\ log = <<<<>>, <<>>, <<>>, <<>>, <<>>>>
/\ votesGranted = <<{1}, {}, {}, {}, {}>>

State 11: <Step line 21, col 6 to line 21, col 43 of module MoreUpToDate>
/\ config = << [jointConfig |-> <<{1, 2, 3, 4, 5}, {}>>, learners |-> {}],
   [jointConfig |-> <<{1, 2, 3, 4, 5}, {}>>, learners |-> {}],
   [jointConfig |-> <<{1, 2, 3, 4, 5}, {}>>, learners |-> {}],
   [jointConfig |-> <<{1, 2, 3, 4, 5}, {}>>, learners |-> {}],
   [jointConfig |-> <<{1, 2, 3, 4, 5}, {}>>, learners |-> {}] >>
/\ votesResponded = <<{1, 4}, {}, {}, {}, {}>>
/\ reconfigCount = 0
/\ currentTerm = <<1, 0, 0, 1, 0>>
/\ votedFor = <<1, Nil, Nil, 1, Nil>>
/\ pendingMessages = << >>
/\ pc = 10
/\ matchIndex = << <<0, 0, 0, 0, 0>>,
   <<0, 0, 0, 0, 0>>,
   <<0, 0, 0, 0, 0>>,
   <<0, 0, 0, 0, 0>>,
   <<0, 0, 0, 0, 0>> >>
/\ commitIndex = <<0, 0, 0, 0, 0>>
/\ pendingConfChangeIndex = <<0, 0, 0, 0, 0>>
/\ durableState = << [ currentTerm |-> 1,
     commitIndex |-> 0,
     log |-> 0,
     votedFor |-> 1,
     config |-> [jointConfig |-> <<{1, 2, 3, 4, 5}, {}>>, learners |-> {}],
     logEntries |-> <<>> ],
   [ currentTerm |-> 0,
     commitIndex |-> 0,
     log |-> 0,
     votedFor |-> Nil,
     config |-> [jointConfig |-> <<{1, 2, 3, 4, 5}, {}>>, learners |-> {}],
     logEntries |-> <<>> ],
   [ currentTerm |-> 0,
     commitIndex |-> 0,
     log |-> 0,
     votedFor |-> Nil,
     config |-> [jointConfig |-> <<{1, 2, 3, 4, 5}, {}>>, learners |-> {}],
     logEntries |-> <<>> ],
   [ currentTerm |-> 1,
     commitIndex |-> 0,
     log |-> 0,
     votedFor |-> 1,
     config |-> [jointConfig |-> <<{1, 2, 3, 4, 5}, {}>>, learners |-> {}],
     logEntries |-> <<>> ],
   [ currentTerm |-> 0,
     commitIndex |-> 0,
     log |-> 0,
     votedFor |-> Nil,
     config |-> [jointConfig |-> <<{1, 2, 3, 4, 5}, {}>>, learners |-> {}],
     logEntries |-> <<>> ] >>
/\ state = <<Candidate, Follower, Follower, Follower, Follower>>
/\ messages = ( [ msource |-> 1,
    mdest |-> 5,
    mtype |-> RequestVoteRequest,
    mterm |-> 1,
    mlastLogTerm |-> 0,
    mlastLogIndex |-> 0 ] :>
      1 )
/\ log = <<<<>>, <<>>, <<>>, <<>>, <<>>>>
/\ votesGranted = <<{1, 4}, {}, {}, {}, {}>>

State 12: <Step line 22, col 6 to line 22, col 43 of module MoreUpToDate>
/\ config = << [jointConfig |-> <<{1, 2, 3, 4, 5}, {}>>, learners |-> {}],
   [jointConfig |-> <<{1, 2, 3, 4, 5}, {}>>, learners |-> {}],
   [jointConfig |-> <<{1, 2, 3, 4, 5}, {}>>, learners |-> {}],
   [jointConfig |-> <<{1, 2, 3, 4, 5}, {}>>, learners |-> {}],
   [jointConfig |-> <<{1, 2, 3, 4, 5}, {}>>, learners |-> {}] >>
/\ votesResponded = <<{1, 4}, {}, {}, {}, {}>>
/\ reconfigCount = 0
/\ currentTerm = <<1, 0, 0, 1, 1>>
/\ votedFor = <<1, Nil, Nil, 1, Nil>>
/\ pendingMessages = << >>
/\ pc = 11
/\ matchIndex = << <<0, 0, 0, 0, 0>>,
   <<0, 0, 0, 0, 0>>,
   <<0, 0, 0, 0, 0>>,
   <<0, 0, 0, 0, 0>>,
   <<0, 0, 0, 0, 0>> >>
/\ commitIndex = <<0, 0, 0, 0, 0>>
/\ pendingConfChangeIndex = <<0, 0, 0, 0, 0>>
/\ durableState = << [ currentTerm |-> 1,
     commitIndex |-> 0,
     log |-> 0,
     votedFor |-> 1,
     config |-> [jointConfig |-> <<{1, 2, 3, 4, 5}, {}>>, learners |-> {}],
     logEntries |-> <<>> ],
   [ currentTerm |-> 0,
     commitIndex |-> 0,
     log |-> 0,
     votedFor |-> Nil,
     config |-> [jointConfig |-> <<{1, 2, 3, 4, 5}, {}>>, learners |-> {}],
     logEntries |-> <<>> ],
   [ currentTerm |-> 0,
     commitIndex |-> 0,
     log |-> 0,
     votedFor |-> Nil,
     config |-> [jointConfig |-> <<{1, 2, 3, 4, 5}, {}>>, learners |-> {}],
     logEntries |-> <<>> ],
   [ currentTerm |-> 1,
     commitIndex |-> 0,
     log |-> 0,
     votedFor |-> 1,
     config |-> [jointConfig |-> <<{1, 2, 3, 4, 5}, {}>>, learners |-> {}],
     logEntries |-> <<>> ],
   [ currentTerm |-> 0,
     commitIndex |-> 0,
     log |-> 0,
     votedFor |-> Nil,
     config |-> [jointConfig |-> <<{1, 2, 3, 4, 5}, {}>>, learners |-> {}],
     logEntries |-> <<>> ] >>
/\ state = <<Candidate, Follower, Follower, Follower, Follower>>
/\ messages = ( [ msource |-> 1,
    mdest |-> 5,
    mtype |-> RequestVoteRequest,
    mterm |-> 1,
    mlastLogTerm |-> 0,
    mlastLogIndex |-> 0 ] :>
      1 )
/\ log = <<<<>>, <<>>, <<>>, <<>>, <<>>>>
/\ votesGranted = <<{1, 4}, {}, {}, {}, {}>>

State 13: <Step line 23, col 6 to line 23, col 43 of module MoreUpToDate>
/\ config = << [jointConfig |-> <<{1, 2, 3, 4, 5}, {}>>, learners |-> {}],
   [jointConfig |-> <<{1, 2, 3, 4, 5}, {}>>, learners |-> {}],
   [jointConfig |-> <<{1, 2, 3, 4, 5}, {}>>, learners |-> {}],
   [jointConfig |-> <<{1, 2, 3, 4, 5}, {}>>, learners |-> {}],
   [jointConfig |-> <<{1, 2, 3, 4, 5}, {}>>, learners |-> {}] >>
/\ votesResponded = <<{1, 4}, {}, {}, {}, {}>>
/\ reconfigCount = 0
/\ currentTerm = <<1, 0, 0, 1, 1>>
/\ votedFor = <<1, Nil, Nil, 1, 1>>
/\ pendingMessages = ( [ msource |-> 5,
    mdest |-> 1,
    mtype |-> RequestVoteResponse,
    mterm |-> 1,
    mvoteGranted |-> TRUE ] :>
      1 )
/\ pc = 12
/\ matchIndex = << <<0, 0, 0, 0, 0>>,
   <<0, 0, 0, 0, 0>>,
   <<0, 0, 0, 0, 0>>,
   <<0, 0, 0, 0, 0>>,
   <<0, 0, 0, 0, 0>> >>
/\ commitIndex = <<0, 0, 0, 0, 0>>
/\ pendingConfChangeIndex = <<0, 0, 0, 0, 0>>
/\ durableState = << [ currentTerm |-> 1,
     commitIndex |-> 0,
     log |-> 0,
     votedFor |-> 1,
     config |-> [jointConfig |-> <<{1, 2, 3, 4, 5}, {}>>, learners |-> {}],
     logEntries |-> <<>> ],
   [ currentTerm |-> 0,
     commitIndex |-> 0,
     log |-> 0,
     votedFor |-> Nil,
     config |-> [jointConfig |-> <<{1, 2, 3, 4, 5}, {}>>, learners |-> {}],
     logEntries |-> <<>> ],
   [ currentTerm |-> 0,
     commitIndex |-> 0,
     log |-> 0,
     votedFor |-> Nil,
     config |-> [jointConfig |-> <<{1, 2, 3, 4, 5}, {}>>, learners |-> {}],
     logEntries |-> <<>> ],
   [ currentTerm |-> 1,
     commitIndex |-> 0,
     log |-> 0,
     votedFor |-> 1,
     config |-> [jointConfig |-> <<{1, 2, 3, 4, 5}, {}>>, learners |-> {}],
     logEntries |-> <<>> ],
   [ currentTerm |-> 0,
     commitIndex |-> 0,
     log |-> 0,
     votedFor |-> Nil,
     config |-> [jointConfig |-> <<{1, 2, 3, 4, 5}, {}>>, learners |-> {}],
     logEntries |-> <<>> ] >>
/\ state = <<Candidate, Follower, Follower, Follower, Follower>>
/\ messages = << >>
/\ log = <<<<>>, <<>>, <<>>, <<>>, <<>>>>
/\ votesGranted = <<{1, 4}, {}, {}, {}, {}>>

State 14: <Step line 24, col 6 to line 24, col 23 of module MoreUpToDate>
/\ config = << [jointConfig |-> <<{1, 2, 3, 4, 5}, {}>>, learners |-> {}],
   [jointConfig |-> <<{1, 2, 3, 4, 5}, {}>>, learners |-> {}],
   [jointConfig |-> <<{1, 2, 3, 4, 5}, {}>>, learners |-> {}],
   [jointConfig |-> <<{1, 2, 3, 4, 5}, {}>>, learners |-> {}],
   [jointConfig |-> <<{1, 2, 3, 4, 5}, {}>>, learners |-> {}] >>
/\ votesResponded = <<{1, 4}, {}, {}, {}, {}>>
/\ reconfigCount = 0
/\ currentTerm = <<1, 0, 0, 1, 1>>
/\ votedFor = <<1, Nil, Nil, 1, 1>>
/\ pendingMessages = << >>
/\ pc = 13
/\ matchIndex = << <<0, 0, 0, 0, 0>>,
   <<0, 0, 0, 0, 0>>,
   <<0, 0, 0, 0, 0>>,
   <<0, 0, 0, 0, 0>>,
   <<0, 0, 0, 0, 0>> >>
/\ commitIndex = <<0, 0, 0, 0, 0>>
/\ pendingConfChangeIndex = <<0, 0, 0, 0, 0>>
/\ durableState = << [ currentTerm |-> 1,
     commitIndex |-> 0,
     log |-> 0,
     votedFor |-> 1,
     config |-> [jointConfig |-> <<{1, 2, 3, 4, 5}, {}>>, learners |-> {}],
     logEntries |-> <<>> ],
   [ currentTerm |-> 0,
     commitIndex |-> 0,
     log |-> 0,
     votedFor |-> Nil,
     config |-> [jointConfig |-> <<{1, 2, 3, 4, 5}, {}>>, learners |-> {}],
     logEntries |-> <<>> ],
   [ currentTerm |-> 0,
     commitIndex |-> 0,
     log |-> 0,
     votedFor |-> Nil,
     config |-> [jointConfig |-> <<{1, 2, 3, 4, 5}, {}>>, learners |-> {}],
     logEntries |-> <<>> ],
   [ currentTerm |-> 1,
     commitIndex |-> 0,
     log |-> 0,
     votedFor |-> 1,
     config |-> [jointConfig |-> <<{1, 2, 3, 4, 5}, {}>>, learners |-> {}],
     logEntries |-> <<>> ],
   [ currentTerm |-> 1,
     commitIndex |-> 0,
     log |-> 0,
     votedFor |-> 1,
     config |-> [jointConfig |-> <<{1, 2, 3, 4, 5}, {}>>, learners |-> {}],
     logEntries |-> <<>> ] >>
/\ state = <<Candidate, Follower, Follower, Follower, Follower>>
/\ messages = ( [ msource |-> 5,
    mdest |-> 1,
    mtype |-> RequestVoteResponse,
    mterm |-> 1,
    mvoteGranted |-> TRUE ] :>
      1 )
/\ log = <<<<>>, <<>>, <<>>, <<>>, <<>>>>
/\ votesGranted = <<{1, 4}, {}, {}, {}, {}>>

State 15: <Step line 25, col 6 to line 25, col 44 of module MoreUpToDate>
/\ config = << [jointConfig |-> <<{1, 2, 3, 4, 5}, {}>>, learners |-> {}],
   [jointConfig |-> <<{1, 2, 3, 4, 5}, {}>>, learners |-> {}],
   [jointConfig |-> <<{1, 2, 3, 4, 5}, {}>>, learners |-> {}],
   [jointConfig |-> <<{1, 2, 3, 4, 5}, {}>>, learners |-> {}],
   [jointConfig |-> <<{1, 2, 3, 4, 5}, {}>>, learners |-> {}] >>
/\ votesResponded = <<{1, 4, 5}, {}, {}, {}, {}>>
/\ reconfigCount = 0
/\ currentTerm = <<1, 0, 0, 1, 1>>
/\ votedFor = <<1, Nil, Nil, 1, 1>>
/\ pendingMessages = << >>
/\ pc = 14
/\ matchIndex = << <<0, 0, 0, 0, 0>>,
   <<0, 0, 0, 0, 0>>,
   <<0, 0, 0, 0, 0>>,
   <<0, 0, 0, 0, 0>>,
   <<0, 0, 0, 0, 0>> >>
/\ commitIndex = <<0, 0, 0, 0, 0>>
/\ pendingConfChangeIndex = <<0, 0, 0, 0, 0>>
/\ durableState = << [ currentTerm |-> 1,
     commitIndex |-> 0,
     log |-> 0,
     votedFor |-> 1,
     config |-> [jointConfig |-> <<{1, 2, 3, 4, 5}, {}>>, learners |-> {}],
     logEntries |-> <<>> ],
   [ currentTerm |-> 0,
     commitIndex |-> 0,
     log |-> 0,
     votedFor |-> Nil,
     config |-> [jointConfig |-> <<{1, 2, 3, 4, 5}, {}>>, learners |-> {}],
     logEntries |-> <<>> ],
   [ currentTerm |-> 0,
     commitIndex |-> 0,
     log |-> 0,
     votedFor |-> Nil,
     config |-> [jointConfig |-> <<{1, 2, 3, 4, 5}, {}>>, learners |-> {}],
     logEntries |-> <<>> ],
   [ currentTerm |-> 1,
     commitIndex |-> 0,
     log |-> 0,
     votedFor |-> 1,
     config |-> [jointConfig |-> <<{1, 2, 3, 4, 5}, {}>>, learners |-> {}],
     logEntries |-> <<>> ],
   [ currentTerm |-> 1,
     commitIndex |-> 0,
     log |-> 0,
     votedFor |-> 1,
     config |-> [jointConfig |-> <<{1, 2, 3, 4, 5}, {}>>, learners |-> {}],
     logEntries |-> <<>> ] >>
/\ state = <<Candidate, Follower, Follower, Follower, Follower>>
/\ messages = << >>
/\ log = <<<<>>, <<>>, <<>>, <<>>, <<>>>>
/\ votesGranted = <<{1, 4, 5}, {}, {}, {}, {}>>

State 16: <Step line 26, col 6 to line 26, col 30 of module MoreUpToDate>
/\ config = << [jointConfig |-> <<{1, 2, 3, 4, 5}, {}>>, learners |-> {}],
   [jointConfig |-> <<{1, 2, 3, 4, 5}, {}>>, learners |-> {}],
   [jointConfig |-> <<{1, 2, 3, 4, 5}, {}>>, learners |-> {}],
   [jointConfig |-> <<{1, 2, 3, 4, 5}, {}>>, learners |-> {}],
   [jointConfig |-> <<{1, 2, 3, 4, 5}, {}>>, learners |-> {}] >>
/\ votesResponded = <<{1, 4, 5}, {}, {}, {}, {}>>
/\ reconfigCount = 0
/\ currentTerm = <<1, 0, 0, 1, 1>>
/\ votedFor = <<1, Nil, Nil, 1, 1>>
/\ pendingMessages = << >>
/\ pc = 15
/\ matchIndex = << <<0, 0, 0, 0, 0>>,
   <<0, 0, 0, 0, 0>>,
   <<0, 0, 0, 0, 0>>,
   <<0, 0, 0, 0, 0>>,
   <<0, 0, 0, 0, 0>> >>
/\ commitIndex = <<0, 0, 0, 0, 0>>
/\ pendingConfChangeIndex = <<0, 0, 0, 0, 0>>
/\ durableState = << [ currentTerm |-> 1,
     commitIndex |-> 0,
     log |-> 0,
     votedFor |-> 1,
     config |-> [jointConfig |-> <<{1, 2, 3, 4, 5}, {}>>, learners |-> {}],
     logEntries |-> <<>> ],
   [ currentTerm |-> 0,
     commitIndex |-> 0,
     log |-> 0,
     votedFor |-> Nil,
     config |-> [jointConfig |-> <<{1, 2, 3, 4, 5}, {}>>, learners |-> {}],
     logEntries |-> <<>> ],
   [ currentTerm |-> 0,
     commitIndex |-> 0,
     log |-> 0,
     votedFor |-> Nil,
     config |-> [jointConfig |-> <<{1, 2, 3, 4, 5}, {}>>, learners |-> {}],
     logEntries |-> <<>> ],
   [ currentTerm |-> 1,
     commitIndex |-> 0,
     log |-> 0,
     votedFor |-> 1,
     config |-> [jointConfig |-> <<{1, 2, 3, 4, 5}, {}>>, learners |-> {}],
     logEntries |-> <<>> ],
   [ currentTerm |-> 1,
     commitIndex |-> 0,
     log |-> 0,
     votedFor |-> 1,
     config |-> [jointConfig |-> <<{1, 2, 3, 4, 5}, {}>>, learners |-> {}],
     logEntries |-> <<>> ] >>
/\ state = <<Leader, Follower, Follower, Follower, Follower>>
/\ messages = << >>
/\ log = <<<<>>, <<>>, <<>>, <<>>, <<>>>>
/\ votesGranted = <<{1, 4, 5}, {}, {}, {}, {}>>

State 17: <Step line 27, col 6 to line 27, col 33 of module MoreUpToDate>
/\ config = << [jointConfig |-> <<{1, 2, 3, 4, 5}, {}>>, learners |-> {}],
   [jointConfig |-> <<{1, 2, 3, 4, 5}, {}>>, learners |-> {}],
   [jointConfig |-> <<{1, 2, 3, 4, 5}, {}>>, learners |-> {}],
   [jointConfig |-> <<{1, 2, 3, 4, 5}, {}>>, learners |-> {}],
   [jointConfig |-> <<{1, 2, 3, 4, 5}, {}>>, learners |-> {}] >>
/\ votesResponded = <<{1, 4, 5}, {}, {}, {}, {}>>
/\ reconfigCount = 0
/\ currentTerm = <<1, 0, 0, 1, 1>>
/\ votedFor = <<1, Nil, Nil, 1, 1>>
/\ pendingMessages = << >>
/\ pc = 16
/\ matchIndex = << <<0, 0, 0, 0, 0>>,
   <<0, 0, 0, 0, 0>>,
   <<0, 0, 0, 0, 0>>,
   <<0, 0, 0, 0, 0>>,
   <<0, 0, 0, 0, 0>> >>
/\ commitIndex = <<0, 0, 0, 0, 0>>
/\ pendingConfChangeIndex = <<0, 0, 0, 0, 0>>
/\ durableState = << [ currentTerm |-> 1,
     commitIndex |-> 0,
     log |-> 0,
     votedFor |-> 1,
     config |-> [jointConfig |-> <<{1, 2, 3, 4, 5}, {}>>, learners |-> {}],
     logEntries |-> <<>> ],
   [ currentTerm |-> 0,
     commitIndex |-> 0,
     log |-> 0,
     votedFor |-> Nil,
     config |-> [jointConfig |-> <<{1, 2, 3, 4, 5}, {}>>, learners |-> {}],
     logEntries |-> <<>> ],
   [ currentTerm |-> 0,
     commitIndex |-> 0,
     log |-> 0,
     votedFor |-> Nil,
     config |-> [jointConfig |-> <<{1, 2, 3, 4, 5}, {}>>, learners |-> {}],
     logEntries |-> <<>> ],
   [ currentTerm |-> 1,
     commitIndex |-> 0,
     log |-> 0,
     votedFor |-> 1,
     config |-> [jointConfig |-> <<{1, 2, 3, 4, 5}, {}>>, learners |-> {}],
     logEntries |-> <<>> ],
   [ currentTerm |-> 1,
     commitIndex |-> 0,
     log |-> 0,
     votedFor |-> 1,
     config |-> [jointConfig |-> <<{1, 2, 3, 4, 5}, {}>>, learners |-> {}],
     logEntries |-> <<>> ] >>
/\ state = <<Leader, Follower, Follower, Follower, Follower>>
/\ messages = << >>
/\ log = << <<[term |-> 1, type |-> ValueEntry, value |-> [val |-> 0]]>>,
   <<>>,
   <<>>,
   <<>>,
   <<>> >>
/\ votesGranted = <<{1, 4, 5}, {}, {}, {}, {}>>

State 18: <Step line 28, col 6 to line 28, col 23 of module MoreUpToDate>
/\ config = << [jointConfig |-> <<{1, 2, 3, 4, 5}, {}>>, learners |-> {}],
   [jointConfig |-> <<{1, 2, 3, 4, 5}, {}>>, learners |-> {}],
   [jointConfig |-> <<{1, 2, 3, 4, 5}, {}>>, learners |-> {}],
   [jointConfig |-> <<{1, 2, 3, 4, 5}, {}>>, learners |-> {}],
   [jointConfig |-> <<{1, 2, 3, 4, 5}, {}>>, learners |-> {}] >>
/\ votesResponded = <<{1, 4, 5}, {}, {}, {}, {}>>
/\ reconfigCount = 0
/\ currentTerm = <<1, 0, 0, 1, 1>>
/\ votedFor = <<1, Nil, Nil, 1, 1>>
/\ pendingMessages = << >>
/\ pc = 17
/\ matchIndex = << <<0, 0, 0, 0, 0>>,
   <<0, 0, 0, 0, 0>>,
   <<0, 0, 0, 0, 0>>,
   <<0, 0, 0, 0, 0>>,
   <<0, 0, 0, 0, 0>> >>
/\ commitIndex = <<0, 0, 0, 0, 0>>
/\ pendingConfChangeIndex = <<0, 0, 0, 0, 0>>
/\ durableState = << [ currentTerm |-> 1,
     commitIndex |-> 0,
     log |-> 1,
     votedFor |-> 1,
     config |-> [jointConfig |-> <<{1, 2, 3, 4, 5}, {}>>, learners |-> {}],
     logEntries |->
         <<[term |-> 1, type |-> ValueEntry, value |-> [val |-> 0]]>> ],
   [ currentTerm |-> 0,
     commitIndex |-> 0,
     log |-> 0,
     votedFor |-> Nil,
     config |-> [jointConfig |-> <<{1, 2, 3, 4, 5}, {}>>, learners |-> {}],
     logEntries |-> <<>> ],
   [ currentTerm |-> 0,
     commitIndex |-> 0,
     log |-> 0,
     votedFor |-> Nil,
     config |-> [jointConfig |-> <<{1, 2, 3, 4, 5}, {}>>, learners |-> {}],
     logEntries |-> <<>> ],
   [ currentTerm |-> 1,
     commitIndex |-> 0,
     log |-> 0,
     votedFor |-> 1,
     config |-> [jointConfig |-> <<{1, 2, 3, 4, 5}, {}>>, learners |-> {}],
     logEntries |-> <<>> ],
   [ currentTerm |-> 1,
     commitIndex |-> 0,
     log |-> 0,
     votedFor |-> 1,
     config |-> [jointConfig |-> <<{1, 2, 3, 4, 5}, {}>>, learners |-> {}],
     logEntries |-> <<>> ] >>
/\ state = <<Leader, Follower, Follower, Follower, Follower>>
/\ messages = << >>
/\ log = << <<[term |-> 1, type |-> ValueEntry, value |-> [val |-> 0]]>>,
   <<>>,
   <<>>,
   <<>>,
   <<>> >>
/\ votesGranted = <<{1, 4, 5}, {}, {}, {}, {}>>

State 19: <Step line 29, col 6 to line 29, col 25 of module MoreUpToDate>
/\ config = << [jointConfig |-> <<{1, 2, 3, 4, 5}, {}>>, learners |-> {}],
   [jointConfig |-> <<{1, 2, 3, 4, 5}, {}>>, learners |-> {}],
   [jointConfig |-> <<{1, 2, 3, 4, 5}, {}>>, learners |-> {}],
   [jointConfig |-> <<{1, 2, 3, 4, 5}, {}>>, learners |-> {}],
   [jointConfig |-> <<{1, 2, 3, 4, 5}, {}>>, learners |-> {}] >>
/\ votesResponded = <<{1, 4, 5}, {}, {}, {}, {}>>
/\ reconfigCount = 0
/\ currentTerm = <<1, 1, 0, 1, 1>>
/\ votedFor = <<1, 2, Nil, 1, 1>>
/\ pendingMessages = << >>
/\ pc = 18
/\ matchIndex = << <<0, 0, 0, 0, 0>>,
   <<0, 0, 0, 0, 0>>,
   <<0, 0, 0, 0, 0>>,
   <<0, 0, 0, 0, 0>>,
   <<0, 0, 0, 0, 0>> >>
/\ commitIndex = <<0, 0, 0, 0, 0>>
/\ pendingConfChangeIndex = <<0, 0, 0, 0, 0>>
/\ durableState = << [ currentTerm |-> 1,
     commitIndex |-> 0,
     log |-> 1,
     votedFor |-> 1,
     config |-> [jointConfig |-> <<{1, 2, 3, 4, 5}, {}>>, learners |-> {}],
     logEntries |->
         <<[term |-> 1, type |-> ValueEntry, value |-> [val |-> 0]]>> ],
   [ currentTerm |-> 0,
     commitIndex |-> 0,
     log |-> 0,
     votedFor |-> Nil,
     config |-> [jointConfig |-> <<{1, 2, 3, 4, 5}, {}>>, learners |-> {}],
     logEntries |-> <<>> ],
   [ currentTerm |-> 0,
     commitIndex |-> 0,
     log |-> 0,
     votedFor |-> Nil,
     config |-> [jointConfig |-> <<{1, 2, 3, 4, 5}, {}>>, learners |-> {}],
     logEntries |-> <<>> ],
   [ currentTerm |-> 1,
     commitIndex |-> 0,
     log |-> 0,
     votedFor |-> 1,
     config |-> [jointConfig |-> <<{1, 2, 3, 4, 5}, {}>>, learners |-> {}],
     logEntries |-> <<>> ],
   [ currentTerm |-> 1,
     commitIndex |-> 0,
     log |-> 0,
     votedFor |-> 1,
     config |-> [jointConfig |-> <<{1, 2, 3, 4, 5}, {}>>, learners |-> {}],
     logEntries |-> <<>> ] >>
/\ state = <<Leader, Candidate, Follower, Follower, Follower>>
/\ messages = << >>
/\ log = << <<[term |-> 1, type |-> ValueEntry, value |-> [val |-> 0]]>>,
   <<>>,
   <<>>,
   <<>>,
   <<>> >>
/\ votesGranted = <<{1, 4, 5}, {}, {}, {}, {}>>

State 20: <Step line 30, col 6 to line 30, col 25 of module MoreUpToDate>
/\ config = << [jointConfig |-> <<{1, 2, 3, 4, 5}, {}>>, learners |-> {}],
   [jointConfig |-> <<{1, 2, 3, 4, 5}, {}>>, learners |-> {}],
   [jointConfig |-> <<{1, 2, 3, 4, 5}, {}>>, learners |-> {}],
   [jointConfig |-> <<{1, 2, 3, 4, 5}, {}>>, learners |-> {}],
   [jointConfig |-> <<{1, 2, 3, 4, 5}, {}>>, learners |-> {}] >>
/\ votesResponded = <<{1, 4, 5}, {}, {}, {}, {}>>
/\ reconfigCount = 0
/\ currentTerm = <<1, 2, 0, 1, 1>>
/\ votedFor = <<1, 2, Nil, 1, 1>>
/\ pendingMessages = << >>
/\ pc = 19
/\ matchIndex = << <<0, 0, 0, 0, 0>>,
   <<0, 0, 0, 0, 0>>,
   <<0, 0, 0, 0, 0>>,
   <<0, 0, 0, 0, 0>>,
   <<0, 0, 0, 0, 0>> >>
/\ commitIndex = <<0, 0, 0, 0, 0>>
/\ pendingConfChangeIndex = <<0, 0, 0, 0, 0>>
/\ durableState = << [ currentTerm |-> 1,
     commitIndex |-> 0,
     log |-> 1,
     votedFor |-> 1,
     config |-> [jointConfig |-> <<{1, 2, 3, 4, 5}, {}>>, learners |-> {}],
     logEntries |->
         <<[term |-> 1, type |-> ValueEntry, value |-> [val |-> 0]]>> ],
   [ currentTerm |-> 0,
     commitIndex |-> 0,
     log |-> 0,
     votedFor |-> Nil,
     config |-> [jointConfig |-> <<{1, 2, 3, 4, 5}, {}>>, learners |-> {}],
     logEntries |-> <<>> ],
   [ currentTerm |-> 0,
     commitIndex |-> 0,
     log |-> 0,
     votedFor |-> Nil,
     config |-> [jointConfig |-> <<{1, 2, 3, 4, 5}, {}>>, learners |-> {}],
     logEntries |-> <<>> ],
   [ currentTerm |-> 1,
     commitIndex |-> 0,
     log |-> 0,
     votedFor |-> 1,
     config |-> [jointConfig |-> <<{1, 2, 3, 4, 5}, {}>>, learners |-> {}],
     logEntries |-> <<>> ],
   [ currentTerm |-> 1,
     commitIndex |-> 0,
     log |-> 0,
     votedFor |-> 1,
     config |-> [jointConfig |-> <<{1, 2, 3, 4, 5}, {}>>, learners |-> {}],
     logEntries |-> <<>> ] >>
/\ state = <<Leader, Candidate, Follower, Follower, Follower>>
/\ messages = << >>
/\ log = << <<[term |-> 1, type |-> ValueEntry, value |-> [val |-> 0]]>>,
   <<>>,
   <<>>,
   <<>>,
   <<>> >>
/\ votesGranted = <<{1, 4, 5}, {}, {}, {}, {}>>

State 21: <Step line 31, col 6 to line 31, col 31 of module MoreUpToDate>
/\ config = << [jointConfig |-> <<{1, 2, 3, 4, 5}, {}>>, learners |-> {}],
   [jointConfig |-> <<{1, 2, 3, 4, 5}, {}>>, learners |-> {}],
   [jointConfig |-> <<{1, 2, 3, 4, 5}, {}>>, learners |-> {}],
   [jointConfig |-> <<{1, 2, 3, 4, 5}, {}>>, learners |-> {}],
   [jointConfig |-> <<{1, 2, 3, 4, 5}, {}>>, learners |-> {}] >>
/\ votesResponded = <<{1, 4, 5}, {}, {}, {}, {}>>
/\ reconfigCount = 0
/\ currentTerm = <<1, 2, 0, 1, 1>>
/\ votedFor = <<1, 2, Nil, 1, 1>>
/\ pendingMessages = ( [ msource |-> 2,
    mdest |-> 2,
    mtype |-> RequestVoteResponse,
    mterm |-> 2,
    mvoteGranted |-> TRUE ] :>
      1 )
/\ pc = 20
/\ matchIndex = << <<0, 0, 0, 0, 0>>,
   <<0, 0, 0, 0, 0>>,
   <<0, 0, 0, 0, 0>>,
   <<0, 0, 0, 0, 0>>,
   <<0, 0, 0, 0, 0>> >>
/\ commitIndex = <<0, 0, 0, 0, 0>>
/\ pendingConfChangeIndex = <<0, 0, 0, 0, 0>>
/\ durableState = << [ currentTerm |-> 1,
     commitIndex |-> 0,
     log |-> 1,
     votedFor |-> 1,
     config |-> [jointConfig |-> <<{1, 2, 3, 4, 5}, {}>>, learners |-> {}],
     logEntries |->
         <<[term |-> 1, type |-> ValueEntry, value |-> [val |-> 0]]>> ],
   [ currentTerm |-> 0,
     commitIndex |-> 0,
     log |-> 0,
     votedFor |-> Nil,
     config |-> [jointConfig |-> <<{1, 2, 3, 4, 5}, {}>>, learners |-> {}],
     logEntries |-> <<>> ],
   [ currentTerm |-> 0,
     commitIndex |-> 0,
     log |-> 0,
     votedFor |-> Nil,
     config |-> [jointConfig |-> <<{1, 2, 3, 4, 5}, {}>>, learners |-> {}],
     logEntries |-> <<>> ],
   [ currentTerm |-> 1,
     commitIndex |-> 0,
     log |-> 0,
     votedFor |-> 1,
     config |-> [jointConfig |-> <<{1, 2, 3, 4, 5}, {}>>, learners |-> {}],
     logEntries |-> <<>> ],
   [ currentTerm |-> 1,
     commitIndex |-> 0,
     log |-> 0,
     votedFor |-> 1,
     config |-> [jointConfig |-> <<{1, 2, 3, 4, 5}, {}>>, learners |-> {}],
     logEntries |-> <<>> ] >>
/\ state = <<Leader, Candidate, Follower, Follower, Follower>>
/\ messages = << >>
/\ log = << <<[term |-> 1, type |-> ValueEntry, value |-> [val |-> 0]]>>,
   <<>>,
   <<>>,
   <<>>,
   <<>> >>
/\ votesGranted = <<{1, 4, 5}, {}, {}, {}, {}>>

State 22: <Step line 32, col 6 to line 32, col 31 of module MoreUpToDate>
/\ config = << [jointConfig |-> <<{1, 2, 3, 4, 5}, {}>>, learners |-> {}],
   [jointConfig |-> <<{1, 2, 3, 4, 5}, {}>>, learners |-> {}],
   [jointConfig |-> <<{1, 2, 3, 4, 5}, {}>>, learners |-> {}],
   [jointConfig |-> <<{1, 2, 3, 4, 5}, {}>>, learners |-> {}],
   [jointConfig |-> <<{1, 2, 3, 4, 5}, {}>>, learners |-> {}] >>
/\ votesResponded = <<{1, 4, 5}, {}, {}, {}, {}>>
/\ reconfigCount = 0
/\ currentTerm = <<1, 2, 0, 1, 1>>
/\ votedFor = <<1, 2, Nil, 1, 1>>
/\ pendingMessages = ( [ msource |-> 2,
    mdest |-> 2,
    mtype |-> RequestVoteResponse,
    mterm |-> 2,
    mvoteGranted |-> TRUE ] :>
      1 @@
  [ msource |-> 2,
    mdest |-> 3,
    mtype |-> RequestVoteRequest,
    mterm |-> 2,
    mlastLogTerm |-> 0,
    mlastLogIndex |-> 0 ] :>
      1 )
/\ pc = 21
/\ matchIndex = << <<0, 0, 0, 0, 0>>,
   <<0, 0, 0, 0, 0>>,
   <<0, 0, 0, 0, 0>>,
   <<0, 0, 0, 0, 0>>,
   <<0, 0, 0, 0, 0>> >>
/\ commitIndex = <<0, 0, 0, 0, 0>>
/\ pendingConfChangeIndex = <<0, 0, 0, 0, 0>>
/\ durableState = << [ currentTerm |-> 1,
     commitIndex |-> 0,
     log |-> 1,
     votedFor |-> 1,
     config |-> [jointConfig |-> <<{1, 2, 3, 4, 5}, {}>>, learners |-> {}],
     logEntries |->
         <<[term |-> 1, type |-> ValueEntry, value |-> [val |-> 0]]>> ],
   [ currentTerm |-> 0,
     commitIndex |-> 0,
     log |-> 0,
     votedFor |-> Nil,
     config |-> [jointConfig |-> <<{1, 2, 3, 4, 5}, {}>>, learners |-> {}],
     logEntries |-> <<>> ],
   [ currentTerm |-> 0,
     commitIndex |-> 0,
     log |-> 0,
     votedFor |-> Nil,
     config |-> [jointConfig |-> <<{1, 2, 3, 4, 5}, {}>>, learners |-> {}],
     logEntries |-> <<>> ],
   [ currentTerm |-> 1,
     commitIndex |-> 0,
     log |-> 0,
     votedFor |-> 1,
     config |-> [jointConfig |-> <<{1, 2, 3, 4, 5}, {}>>, learners |-> {}],
     logEntries |-> <<>> ],
   [ currentTerm |-> 1,
     commitIndex |-> 0,
     log |-> 0,
     votedFor |-> 1,
     config |-> [jointConfig |-> <<{1, 2, 3, 4, 5}, {}>>, learners |-> {}],
     logEntries |-> <<>> ] >>
/\ state = <<Leader, Candidate, Follower, Follower, Follower>>
/\ messages = << >>
/\ log = << <<[term |-> 1, type |-> ValueEntry, value |-> [val |-> 0]]>>,
   <<>>,
   <<>>,
   <<>>,
   <<>> >>
/\ votesGranted = <<{1, 4, 5}, {}, {}, {}, {}>>

State 23: <Step line 33, col 6 to line 33, col 31 of module MoreUpToDate>
/\ config = << [jointConfig |-> <<{1, 2, 3, 4, 5}, {}>>, learners |-> {}],
   [jointConfig |-> <<{1, 2, 3, 4, 5}, {}>>, learners |-> {}],
   [jointConfig |-> <<{1, 2, 3, 4, 5}, {}>>, learners |-> {}],
   [jointConfig |-> <<{1, 2, 3, 4, 5}, {}>>, learners |-> {}],
   [jointConfig |-> <<{1, 2, 3, 4, 5}, {}>>, learners |-> {}] >>
/\ votesResponded = <<{1, 4, 5}, {}, {}, {}, {}>>
/\ reconfigCount = 0
/\ currentTerm = <<1, 2, 0, 1, 1>>
/\ votedFor = <<1, 2, Nil, 1, 1>>
/\ pendingMessages = ( [ msource |-> 2,
    mdest |-> 2,
    mtype |-> RequestVoteResponse,
    mterm |-> 2,
    mvoteGranted |-> TRUE ] :>
      1 @@
  [ msource |-> 2,
    mdest |-> 3,
    mtype |-> RequestVoteRequest,
    mterm |-> 2,
    mlastLogTerm |-> 0,
    mlastLogIndex |-> 0 ] :>
      1 @@
  [ msource |-> 2,
    mdest |-> 4,
    mtype |-> RequestVoteRequest,
    mterm |-> 2,
    mlastLogTerm |-> 0,
    mlastLogIndex |-> 0 ] :>
      1 )
/\ pc = 22
/\ matchIndex = << <<0, 0, 0, 0, 0>>,
   <<0, 0, 0, 0, 0>>,
   <<0, 0, 0, 0, 0>>,
   <<0, 0, 0, 0, 0>>,
   <<0, 0, 0, 0, 0>> >>
/\ commitIndex = <<0, 0, 0, 0, 0>>
/\ pendingConfChangeIndex = <<0, 0, 0, 0, 0>>
/\ durableState = << [ currentTerm |-> 1,
     commitIndex |-> 0,
     log |-> 1,
     votedFor |-> 1,
     config |-> [jointConfig |-> <<{1, 2, 3, 4, 5}, {}>>, learners |-> {}],
     logEntries |->
         <<[term |-> 1, type |-> ValueEntry, value |-> [val |-> 0]]>> ],
   [ currentTerm |-> 0,
     commitIndex |-> 0,
     log |-> 0,
     votedFor |-> Nil,
     config |-> [jointConfig |-> <<{1, 2, 3, 4, 5}, {}>>, learners |-> {}],
     logEntries |-> <<>> ],
   [ currentTerm |-> 0,
     commitIndex |-> 0,
     log |-> 0,
     votedFor |-> Nil,
     config |-> [jointConfig |-> <<{1, 2, 3, 4, 5}, {}>>, learners |-> {}],
     logEntries |-> <<>> ],
   [ currentTerm |-> 1,
     commitIndex |-> 0,
     log |-> 0,
     votedFor |-> 1,
     config |-> [jointConfig |-> <<{1, 2, 3, 4, 5}, {}>>, learners |-> {}],
     logEntries |-> <<>> ],
   [ currentTerm |-> 1,
     commitIndex |-> 0,
     log |-> 0,
     votedFor |-> 1,
     config |-> [jointConfig |-> <<{1, 2, 3, 4, 5}, {}>>, learners |-> {}],
     logEntries |-> <<>> ] >>
/\ state = <<Leader, Candidate, Follower, Follower, Follower>>
/\ messages = << >>
/\ log = << <<[term |-> 1, type |-> ValueEntry, value |-> [val |-> 0]]>>,
   <<>>,
   <<>>,
   <<>>,
   <<>> >>
/\ votesGranted = <<{1, 4, 5}, {}, {}, {}, {}>>

State 24: <Step line 34, col 6 to line 34, col 23 of module MoreUpToDate>
/\ config = << [jointConfig |-> <<{1, 2, 3, 4, 5}, {}>>, learners |-> {}],
   [jointConfig |-> <<{1, 2, 3, 4, 5}, {}>>, learners |-> {}],
   [jointConfig |-> <<{1, 2, 3, 4, 5}, {}>>, learners |-> {}],
   [jointConfig |-> <<{1, 2, 3, 4, 5}, {}>>, learners |-> {}],
   [jointConfig |-> <<{1, 2, 3, 4, 5}, {}>>, learners |-> {}] >>
/\ votesResponded = <<{1, 4, 5}, {}, {}, {}, {}>>
/\ reconfigCount = 0
/\ currentTerm = <<1, 2, 0, 1, 1>>
/\ votedFor = <<1, 2, Nil, 1, 1>>
/\ pendingMessages = << >>
/\ pc = 23
/\ matchIndex = << <<0, 0, 0, 0, 0>>,
   <<0, 0, 0, 0, 0>>,
   <<0, 0, 0, 0, 0>>,
   <<0, 0, 0, 0, 0>>,
   <<0, 0, 0, 0, 0>> >>
/\ commitIndex = <<0, 0, 0, 0, 0>>
/\ pendingConfChangeIndex = <<0, 0, 0, 0, 0>>
/\ durableState = << [ currentTerm |-> 1,
     commitIndex |-> 0,
     log |-> 1,
     votedFor |-> 1,
     config |-> [jointConfig |-> <<{1, 2, 3, 4, 5}, {}>>, learners |-> {}],
     logEntries |->
         <<[term |-> 1, type |-> ValueEntry, value |-> [val |-> 0]]>> ],
   [ currentTerm |-> 2,
     commitIndex |-> 0,
     log |-> 0,
     votedFor |-> 2,
     config |-> [jointConfig |-> <<{1, 2, 3, 4, 5}, {}>>, learners |-> {}],
     logEntries |-> <<>> ],
   [ currentTerm |-> 0,
     commitIndex |-> 0,
     log |-> 0,
     votedFor |-> Nil,
     config |-> [jointConfig |-> <<{1, 2, 3, 4, 5}, {}>>, learners |-> {}],
     logEntries |-> <<>> ],
   [ currentTerm |-> 1,
     commitIndex |-> 0,
     log |-> 0,
     votedFor |-> 1,
     config |-> [jointConfig |-> <<{1, 2, 3, 4, 5}, {}>>, learners |-> {}],
     logEntries |-> <<>> ],
   [ currentTerm |-> 1,
     commitIndex |-> 0,
     log |-> 0,
     votedFor |-> 1,
     config |-> [jointConfig |-> <<{1, 2, 3, 4, 5}, {}>>, learners |-> {}],
     logEntries |-> <<>> ] >>
/\ state = <<Leader, Candidate, Follower, Follower, Follower>>
/\ messages = ( [ msource |-> 2,
    mdest |-> 2,
    mtype |-> RequestVoteResponse,
    mterm |-> 2,
    mvoteGranted |-> TRUE ] :>
      1 @@
  [ msource |-> 2,
    mdest |-> 3,
    mtype |-> RequestVoteRequest,
    mterm |-> 2,
    mlastLogTerm |-> 0,
    mlastLogIndex |-> 0 ] :>
      1 @@
  [ msource |-> 2,
    mdest |-> 4,
    mtype |-> RequestVoteRequest,
    mterm |-> 2,
    mlastLogTerm |-> 0,
    mlastLogIndex |-> 0 ] :>
      1 )
/\ log = << <<[term |-> 1, type |-> ValueEntry, value |-> [val |-> 0]]>>,
   <<>>,
   <<>>,
   <<>>,
   <<>> >>
/\ votesGranted = <<{1, 4, 5}, {}, {}, {}, {}>>

State 25: <Step line 35, col 6 to line 35, col 44 of module MoreUpToDate>
/\ config = << [jointConfig |-> <<{1, 2, 3, 4, 5}, {}>>, learners |-> {}],
   [jointConfig |-> <<{1, 2, 3, 4, 5}, {}>>, learners |-> {}],
   [jointConfig |-> <<{1, 2, 3, 4, 5}, {}>>, learners |-> {}],
   [jointConfig |-> <<{1, 2, 3, 4, 5}, {}>>, learners |-> {}],
   [jointConfig |-> <<{1, 2, 3, 4, 5}, {}>>, learners |-> {}] >>
/\ votesResponded = <<{1, 4, 5}, {2}, {}, {}, {}>>
/\ reconfigCount = 0
/\ currentTerm = <<1, 2, 0, 1, 1>>
/\ votedFor = <<1, 2, Nil, 1, 1>>
/\ pendingMessages = << >>
/\ pc = 24
/\ matchIndex = << <<0, 0, 0, 0, 0>>,
   <<0, 0, 0, 0, 0>>,
   <<0, 0, 0, 0, 0>>,
   <<0, 0, 0, 0, 0>>,
   <<0, 0, 0, 0, 0>> >>
/\ commitIndex = <<0, 0, 0, 0, 0>>
/\ pendingConfChangeIndex = <<0, 0, 0, 0, 0>>
/\ durableState = << [ currentTerm |-> 1,
     commitIndex |-> 0,
     log |-> 1,
     votedFor |-> 1,
     config |-> [jointConfig |-> <<{1, 2, 3, 4, 5}, {}>>, learners |-> {}],
     logEntries |->
         <<[term |-> 1, type |-> ValueEntry, value |-> [val |-> 0]]>> ],
   [ currentTerm |-> 2,
     commitIndex |-> 0,
     log |-> 0,
     votedFor |-> 2,
     config |-> [jointConfig |-> <<{1, 2, 3, 4, 5}, {}>>, learners |-> {}],
     logEntries |-> <<>> ],
   [ currentTerm |-> 0,
     commitIndex |-> 0,
     log |-> 0,
     votedFor |-> Nil,
     config |-> [jointConfig |-> <<{1, 2, 3, 4, 5}, {}>>, learners |-> {}],
     logEntries |-> <<>> ],
   [ currentTerm |-> 1,
     commitIndex |-> 0,
     log |-> 0,
     votedFor |-> 1,
     config |-> [jointConfig |-> <<{1, 2, 3, 4, 5}, {}>>, learners |-> {}],
     logEntries |-> <<>> ],
   [ currentTerm |-> 1,
     commitIndex |-> 0,
     log |-> 0,
     votedFor |-> 1,
     config |-> [jointConfig |-> <<{1, 2, 3, 4, 5}, {}>>, learners |-> {}],
     logEntries |-> <<>> ] >>
/\ state = <<Leader, Candidate, Follower, Follower, Follower>>
/\ messages = ( [ msource |-> 2,
    mdest |-> 3,
    mtype |-> RequestVoteRequest,
    mterm |-> 2,
    mlastLogTerm |-> 0,
    mlastLogIndex |-> 0 ] :>
      1 @@
  [ msource |-> 2,
    mdest |-> 4,
    mtype |-> RequestVoteRequest,
    mterm |-> 2,
    mlastLogTerm |-> 0,
    mlastLogIndex |-> 0 ] :>
      1 )
/\ log = << <<[term |-> 1, type |-> ValueEntry, value |-> [val |-> 0]]>>,
   <<>>,
   <<>>,
   <<>>,
   <<>> >>
/\ votesGranted = <<{1, 4, 5}, {2}, {}, {}, {}>>

State 26: <Step line 36, col 6 to line 36, col 43 of module MoreUpToDate>
/\ config = << [jointConfig |-> <<{1, 2, 3, 4, 5}, {}>>, learners |-> {}],
   [jointConfig |-> <<{1, 2, 3, 4, 5}, {}>>, learners |-> {}],
   [jointConfig |-> <<{1, 2, 3, 4, 5}, {}>>, learners |-> {}],
   [jointConfig |-> <<{1, 2, 3, 4, 5}, {}>>, learners |-> {}],
   [jointConfig |-> <<{1, 2, 3, 4, 5}, {}>>, learners |-> {}] >>
/\ votesResponded = <<{1, 4, 5}, {2}, {}, {}, {}>>
/\ reconfigCount = 0
/\ currentTerm = <<1, 2, 2, 1, 1>>
/\ votedFor = <<1, 2, Nil, 1, 1>>
/\ pendingMessages = << >>
/\ pc = 25
/\ matchIndex = << <<0, 0, 0, 0, 0>>,
   <<0, 0, 0, 0, 0>>,
   <<0, 0, 0, 0, 0>>,
   <<0, 0, 0, 0, 0>>,
   <<0, 0, 0, 0, 0>> >>
/\ commitIndex = <<0, 0, 0, 0, 0>>
/\ pendingConfChangeIndex = <<0, 0, 0, 0, 0>>
/\ durableState = << [ currentTerm |-> 1,
     commitIndex |-> 0,
     log |-> 1,
     votedFor |-> 1,
     config |-> [jointConfig |-> <<{1, 2, 3, 4, 5}, {}>>, learners |-> {}],
     logEntries |->
         <<[term |-> 1, type |-> ValueEntry, value |-> [val |-> 0]]>> ],
   [ currentTerm |-> 2,
     commitIndex |-> 0,
     log |-> 0,
     votedFor |-> 2,
     config |-> [jointConfig |-> <<{1, 2, 3, 4, 5}, {}>>, learners |-> {}],
     logEntries |-> <<>> ],
   [ currentTerm |-> 0,
     commitIndex |-> 0,
     log |-> 0,
     votedFor |-> Nil,
     config |-> [jointConfig |-> <<{1, 2, 3, 4, 5}, {}>>, learners |-> {}],
     logEntries |-> <<>> ],
   [ currentTerm |-> 1,
     commitIndex |-> 0,
     log |-> 0,
     votedFor |-> 1,
     config |-> [jointConfig |-> <<{1, 2, 3, 4, 5}, {}>>, learners |-> {}],
     logEntries |-> <<>> ],
   [ currentTerm |-> 1,
     commitIndex |-> 0,
     log |-> 0,
     votedFor |-> 1,
     config |-> [jointConfig |-> <<{1, 2, 3, 4, 5}, {}>>, learners |-> {}],
     logEntries |-> <<>> ] >>
/\ state = <<Leader, Candidate, Follower, Follower, Follower>>
/\ messages = ( [ msource |-> 2,
    mdest |-> 3,
    mtype |-> RequestVoteRequest,
    mterm |-> 2,
    mlastLogTerm |-> 0,
    mlastLogIndex |-> 0 ] :>
      1 @@
  [ msource |-> 2,
    mdest |-> 4,
    mtype |-> RequestVoteRequest,
    mterm |-> 2,
    mlastLogTerm |-> 0,
    mlastLogIndex |-> 0 ] :>
      1 )
/\ log = << <<[term |-> 1, type |-> ValueEntry, value |-> [val |-> 0]]>>,
   <<>>,
   <<>>,
   <<>>,
   <<>> >>
/\ votesGranted = <<{1, 4, 5}, {2}, {}, {}, {}>>

State 27: <Step line 37, col 6 to line 37, col 43 of module MoreUpToDate>
/\ config = << [jointConfig |-> <<{1, 2, 3, 4, 5}, {}>>, learners |-> {}],
   [jointConfig |-> <<{1, 2, 3, 4, 5}, {}>>, learners |-> {}],
   [jointConfig |-> <<{1, 2, 3, 4, 5}, {}>>, learners |-> {}],
   [jointConfig |-> <<{1, 2, 3, 4, 5}, {}>>, learners |-> {}],
   [jointConfig |-> <<{1, 2, 3, 4, 5}, {}>>, learners |-> {}] >>
/\ votesResponded = <<{1, 4, 5}, {2}, {}, {}, {}>>
/\ reconfigCount = 0
/\ currentTerm = <<1, 2, 2, 1, 1>>
/\ votedFor = <<1, 2, 2, 1, 1>>
/\ pendingMessages = ( [ msource |-> 3,
    mdest |-> 2,
    mtype |-> RequestVoteResponse,
    mterm |-> 2,
    mvoteGranted |-> TRUE ] :>
      1 )
/\ pc = 26
/\ matchIndex = << <<0, 0, 0, 0, 0>>,
   <<0, 0, 0, 0, 0>>,
   <<0, 0, 0, 0, 0>>,
   <<0, 0, 0, 0, 0>>,
   <<0, 0, 0, 0, 0>> >>
/\ commitIndex = <<0, 0, 0, 0, 0>>
/\ pendingConfChangeIndex = <<0, 0, 0, 0, 0>>
/\ durableState = << [ currentTerm |-> 1,
     commitIndex |-> 0,
     log |-> 1,
     votedFor |-> 1,
     config |-> [jointConfig |-> <<{1, 2, 3, 4, 5}, {}>>, learners |-> {}],
     logEntries |->
         <<[term |-> 1, type |-> ValueEntry, value |-> [val |-> 0]]>> ],
   [ currentTerm |-> 2,
     commitIndex |-> 0,
     log |-> 0,
     votedFor |-> 2,
     config |-> [jointConfig |-> <<{1, 2, 3, 4, 5}, {}>>, learners |-> {}],
     logEntries |-> <<>> ],
   [ currentTerm |-> 0,
     commitIndex |-> 0,
     log |-> 0,
     votedFor |-> Nil,
     config |-> [jointConfig |-> <<{1, 2, 3, 4, 5}, {}>>, learners |-> {}],
     logEntries |-> <<>> ],
   [ currentTerm |-> 1,
     commitIndex |-> 0,
     log |-> 0,
     votedFor |-> 1,
     config |-> [jointConfig |-> <<{1, 2, 3, 4, 5}, {}>>, learners |-> {}],
     logEntries |-> <<>> ],
   [ currentTerm |-> 1,
     commitIndex |-> 0,
     log |-> 0,
     votedFor |-> 1,
     config |-> [jointConfig |-> <<{1, 2, 3, 4, 5}, {}>>, learners |-> {}],
     logEntries |-> <<>> ] >>
/\ state = <<Leader, Candidate, Follower, Follower, Follower>>
/\ messages = ( [ msource |-> 2,
    mdest |-> 4,
    mtype |-> RequestVoteRequest,
    mterm |-> 2,
    mlastLogTerm |-> 0,
    mlastLogIndex |-> 0 ] :>
      1 )
/\ log = << <<[term |-> 1, type |-> ValueEntry, value |-> [val |-> 0]]>>,
   <<>>,
   <<>>,
   <<>>,
   <<>> >>
/\ votesGranted = <<{1, 4, 5}, {2}, {}, {}, {}>>

State 28: <Step line 38, col 6 to line 38, col 23 of module MoreUpToDate>
/\ config = << [jointConfig |-> <<{1, 2, 3, 4, 5}, {}>>, learners |-> {}],
   [jointConfig |-> <<{1, 2, 3, 4, 5}, {}>>, learners |-> {}],
   [jointConfig |-> <<{1, 2, 3, 4, 5}, {}>>, learners |-> {}],
   [jointConfig |-> <<{1, 2, 3, 4, 5}, {}>>, learners |-> {}],
   [jointConfig |-> <<{1, 2, 3, 4, 5}, {}>>, learners |-> {}] >>
/\ votesResponded = <<{1, 4, 5}, {2}, {}, {}, {}>>
/\ reconfigCount = 0
/\ currentTerm = <<1, 2, 2, 1, 1>>
/\ votedFor = <<1, 2, 2, 1, 1>>
/\ pendingMessages = << >>
/\ pc = 27
/\ matchIndex = << <<0, 0, 0, 0, 0>>,
   <<0, 0, 0, 0, 0>>,
   <<0, 0, 0, 0, 0>>,
   <<0, 0, 0, 0, 0>>,
   <<0, 0, 0, 0, 0>> >>
/\ commitIndex = <<0, 0, 0, 0, 0>>
/\ pendingConfChangeIndex = <<0, 0, 0, 0, 0>>
/\ durableState = << [ currentTerm |-> 1,
     commitIndex |-> 0,
     log |-> 1,
     votedFor |-> 1,
     config |-> [jointConfig |-> <<{1, 2, 3, 4, 5}, {}>>, learners |-> {}],
     logEntries |->
         <<[term |-> 1, type |-> ValueEntry, value |-> [val |-> 0]]>> ],
   [ currentTerm |-> 2,
     commitIndex |-> 0,
     log |-> 0,
     votedFor |-> 2,
     config |-> [jointConfig |-> <<{1, 2, 3, 4, 5}, {}>>, learners |-> {}],
     logEntries |-> <<>> ],
   [ currentTerm |-> 2,
     commitIndex |-> 0,
     log |-> 0,
     votedFor |-> 2,
     config |-> [jointConfig |-> <<{1, 2, 3, 4, 5}, {}>>, learners |-> {}],
     logEntries |-> <<>> ],
   [ currentTerm |-> 1,
     commitIndex |-> 0,
     log |-> 0,
     votedFor |-> 1,
     config |-> [jointConfig |-> <<{1, 2, 3, 4, 5}, {}>>, learners |-> {}],
     logEntries |-> <<>> ],
   [ currentTerm |-> 1,
     commitIndex |-> 0,
     log |-> 0,
     votedFor |-> 1,
     config |-> [jointConfig |-> <<{1, 2, 3, 4, 5}, {}>>, learners |-> {}],
     logEntries |-> <<>> ] >>
/\ state = <<Leader, Candidate, Follower, Follower, Follower>>
/\ messages = ( [ msource |-> 3,
    mdest |-> 2,
    mtype |-> RequestVoteResponse,
    mterm |-> 2,
    mvoteGranted |-> TRUE ] :>
      1 @@
  [ msource |-> 2,
    mdest |-> 4,
    mtype |-> RequestVoteRequest,
    mterm |-> 2,
    mlastLogTerm |-> 0,
    mlastLogIndex |-> 0 ] :>
      1 )
/\ log = << <<[term |-> 1, type |-> ValueEntry, value |-> [val |-> 0]]>>,
   <<>>,
   <<>>,
   <<>>,
   <<>> >>
/\ votesGranted = <<{1, 4, 5}, {2}, {}, {}, {}>>

State 29: <Step line 39, col 6 to line 39, col 44 of module MoreUpToDate>
/\ config = << [jointConfig |-> <<{1, 2, 3, 4, 5}, {}>>, learners |-> {}],
   [jointConfig |-> <<{1, 2, 3, 4, 5}, {}>>, learners |-> {}],
   [jointConfig |-> <<{1, 2, 3, 4, 5}, {}>>, learners |-> {}],
   [jointConfig |-> <<{1, 2, 3, 4, 5}, {}>>, learners |-> {}],
   [jointConfig |-> <<{1, 2, 3, 4, 5}, {}>>, learners |-> {}] >>
/\ votesResponded = <<{1, 4, 5}, {2, 3}, {}, {}, {}>>
/\ reconfigCount = 0
/\ currentTerm = <<1, 2, 2, 1, 1>>
/\ votedFor = <<1, 2, 2, 1, 1>>
/\ pendingMessages = << >>
/\ pc = 28
/\ matchIndex = << <<0, 0, 0, 0, 0>>,
   <<0, 0, 0, 0, 0>>,
   <<0, 0, 0, 0, 0>>,
   <<0, 0, 0, 0, 0>>,
   <<0, 0, 0, 0, 0>> >>
/\ commitIndex = <<0, 0, 0, 0, 0>>
/\ pendingConfChangeIndex = <<0, 0, 0, 0, 0>>
/\ durableState = << [ currentTerm |-> 1,
     commitIndex |-> 0,
     log |-> 1,
     votedFor |-> 1,
     config |-> [jointConfig |-> <<{1, 2, 3, 4, 5}, {}>>, learners |-> {}],
     logEntries |->
         <<[term |-> 1, type |-> ValueEntry, value |-> [val |-> 0]]>> ],
   [ currentTerm |-> 2,
     commitIndex |-> 0,
     log |-> 0,
     votedFor |-> 2,
     config |-> [jointConfig |-> <<{1, 2, 3, 4, 5}, {}>>, learners |-> {}],
     logEntries |-> <<>> ],
   [ currentTerm |-> 2,
     commitIndex |-> 0,
     log |-> 0,
     votedFor |-> 2,
     config |-> [jointConfig |-> <<{1, 2, 3, 4, 5}, {}>>, learners |-> {}],
     logEntries |-> <<>> ],
   [ currentTerm |-> 1,
     commitIndex |-> 0,
     log |-> 0,
     votedFor |-> 1,
     config |-> [jointConfig |-> <<{1, 2, 3, 4, 5}, {}>>, learners |-> {}],
     logEntries |-> <<>> ],
   [ currentTerm |-> 1,
     commitIndex |-> 0,
     log |-> 0,
     votedFor |-> 1,
     config |-> [jointConfig |-> <<{1, 2, 3, 4, 5}, {}>>, learners |-> {}],
     logEntries |-> <<>> ] >>
/\ state = <<Leader, Candidate, Follower, Follower, Follower>>
/\ messages = ( [ msource |-> 2,
    mdest |-> 4,
    mtype |-> RequestVoteRequest,
    mterm |-> 2,
    mlastLogTerm |-> 0,
    mlastLogIndex |-> 0 ] :>
      1 )
/\ log = << <<[term |-> 1, type |-> ValueEntry, value |-> [val |-> 0]]>>,
   <<>>,
   <<>>,
   <<>>,
   <<>> >>
/\ votesGranted = <<{1, 4, 5}, {2, 3}, {}, {}, {}>>

State 30: <Step line 40, col 6 to line 40, col 43 of module MoreUpToDate>
/\ config = << [jointConfig |-> <<{1, 2, 3, 4, 5}, {}>>, learners |-> {}],
   [jointConfig |-> <<{1, 2, 3, 4, 5}, {}>>, learners |-> {}],
   [jointConfig |-> <<{1, 2, 3, 4, 5}, {}>>, learners |-> {}],
   [jointConfig |-> <<{1, 2, 3, 4, 5}, {}>>, learners |-> {}],
   [jointConfig |-> <<{1, 2, 3, 4, 5}, {}>>, learners |-> {}] >>
/\ votesResponded = <<{1, 4, 5}, {2, 3}, {}, {}, {}>>
/\ reconfigCount = 0
/\ currentTerm = <<1, 2, 2, 2, 1>>
/\ votedFor = <<1, 2, 2, Nil, 1>>
/\ pendingMessages = << >>
/\ pc = 29
/\ matchIndex = << <<0, 0, 0, 0, 0>>,
   <<0, 0, 0, 0, 0>>,
   <<0, 0, 0, 0, 0>>,
   <<0, 0, 0, 0, 0>>,
   <<0, 0, 0, 0, 0>> >>
/\ commitIndex = <<0, 0, 0, 0, 0>>
/\ pendingConfChangeIndex = <<0, 0, 0, 0, 0>>
/\ durableState = << [ currentTerm |-> 1,
     commitIndex |-> 0,
     log |-> 1,
     votedFor |-> 1,
     config |-> [jointConfig |-> <<{1, 2, 3, 4, 5}, {}>>, learners |-> {}],
     logEntries |->
         <<[term |-> 1, type |-> ValueEntry, value |-> [val |-> 0]]>> ],
   [ currentTerm |-> 2,
     commitIndex |-> 0,
     log |-> 0,
     votedFor |-> 2,
     config |-> [jointConfig |-> <<{1, 2, 3, 4, 5}, {}>>, learners |-> {}],
     logEntries |-> <<>> ],
   [ currentTerm |-> 2,
     commitIndex |-> 0,
     log |-> 0,
     votedFor |-> 2,
     config |-> [jointConfig |-> <<{1, 2, 3, 4, 5}, {}>>, learners |-> {}],
     logEntries |-> <<>> ],
   [ currentTerm |-> 1,
     commitIndex |-> 0,
     log |-> 0,
     votedFor |-> 1,
     config |-> [jointConfig |-> <<{1, 2, 3, 4, 5}, {}>>, learners |-> {}],
     logEntries |-> <<>> ],
   [ currentTerm |-> 1,
     commitIndex |-> 0,
     log |-> 0,
     votedFor |-> 1,
     config |-> [jointConfig |-> <<{1, 2, 3, 4, 5}, {}>>, learners |-> {}],
     logEntries |-> <<>> ] >>
/\ state = <<Leader, Candidate, Follower, Follower, Follower>>
/\ messages = ( [ msource |-> 2,
    mdest |-> 4,
    mtype |-> RequestVoteRequest,
    mterm |-> 2,
    mlastLogTerm |-> 0,
    mlastLogIndex |-> 0 ] :>
      1 )
/\ log = << <<[term |-> 1, type |-> ValueEntry, value |-> [val |-> 0]]>>,
   <<>>,
   <<>>,
   <<>>,
   <<>> >>
/\ votesGranted = <<{1, 4, 5}, {2, 3}, {}, {}, {}>>

State 31: <Step line 41, col 6 to line 41, col 43 of module MoreUpToDate>
/\ config = << [jointConfig |-> <<{1, 2, 3, 4, 5}, {}>>, learners |-> {}],
   [jointConfig |-> <<{1, 2, 3, 4, 5}, {}>>, learners |-> {}],
   [jointConfig |-> <<{1, 2, 3, 4, 5}, {}>>, learners |-> {}],
   [jointConfig |-> <<{1, 2, 3, 4, 5}, {}>>, learners |-> {}],
   [jointConfig |-> <<{1, 2, 3, 4, 5}, {}>>, learners |-> {}] >>
/\ votesResponded = <<{1, 4, 5}, {2, 3}, {}, {}, {}>>
/\ reconfigCount = 0
/\ currentTerm = <<1, 2, 2, 2, 1>>
/\ votedFor = <<1, 2, 2, 2, 1>>
/\ pendingMessages = ( [ msource |-> 4,
    mdest |-> 2,
    mtype |-> RequestVoteResponse,
    mterm |-> 2,
    mvoteGranted |-> TRUE ] :>
      1 )
/\ pc = 30
/\ matchIndex = << <<0, 0, 0, 0, 0>>,
   <<0, 0, 0, 0, 0>>,
   <<0, 0, 0, 0, 0>>,
   <<0, 0, 0, 0, 0>>,
   <<0, 0, 0, 0, 0>> >>
/\ commitIndex = <<0, 0, 0, 0, 0>>
/\ pendingConfChangeIndex = <<0, 0, 0, 0, 0>>
/\ durableState = << [ currentTerm |-> 1,
     commitIndex |-> 0,
     log |-> 1,
     votedFor |-> 1,
     config |-> [jointConfig |-> <<{1, 2, 3, 4, 5}, {}>>, learners |-> {}],
     logEntries |->
         <<[term |-> 1, type |-> ValueEntry, value |-> [val |-> 0]]>> ],
   [ currentTerm |-> 2,
     commitIndex |-> 0,
     log |-> 0,
     votedFor |-> 2,
     config |-> [jointConfig |-> <<{1, 2, 3, 4, 5}, {}>>, learners |-> {}],
     logEntries |-> <<>> ],
   [ currentTerm |-> 2,
     commitIndex |-> 0,
     log |-> 0,
     votedFor |-> 2,
     config |-> [jointConfig |-> <<{1, 2, 3, 4, 5}, {}>>, learners |-> {}],
     logEntries |-> <<>> ],
   [ currentTerm |-> 1,
     commitIndex |-> 0,
     log |-> 0,
     votedFor |-> 1,
     config |-> [jointConfig |-> <<{1, 2, 3, 4, 5}, {}>>, learners |-> {}],
     logEntries |-> <<>> ],
   [ currentTerm |-> 1,
     commitIndex |-> 0,
     log |-> 0,
     votedFor |-> 1,
     config |-> [jointConfig |-> <<{1, 2, 3, 4, 5}, {}>>, learners |-> {}],
     logEntries |-> <<>> ] >>
/\ state = <<Leader, Candidate, Follower, Follower, Follower>>
/\ messages = << >>
/\ log = << <<[term |-> 1, type |-> ValueEntry, value |-> [val |-> 0]]>>,
   <<>>,
   <<>>,
   <<>>,
   <<>> >>
/\ votesGranted = <<{1, 4, 5}, {2, 3}, {}, {}, {}>>

State 32: <Step line 42, col 6 to line 42, col 23 of module MoreUpToDate>
/\ config = << [jointConfig |-> <<{1, 2, 3, 4, 5}, {}>>, learners |-> {}],
   [jointConfig |-> <<{1, 2, 3, 4, 5}, {}>>, learners |-> {}],
   [jointConfig |-> <<{1, 2, 3, 4, 5}, {}>>, learners |-> {}],
   [jointConfig |-> <<{1, 2, 3, 4, 5}, {}>>, learners |-> {}],
   [jointConfig |-> <<{1, 2, 3, 4, 5}, {}>>, learners |-> {}] >>
/\ votesResponded = <<{1, 4, 5}, {2, 3}, {}, {}, {}>>
/\ reconfigCount = 0
/\ currentTerm = <<1, 2, 2, 2, 1>>
/\ votedFor = <<1, 2, 2, 2, 1>>
/\ pendingMessages = << >>
/\ pc = 31
/\ matchIndex = << <<0, 0, 0, 0, 0>>,
   <<0, 0, 0, 0, 0>>,
   <<0, 0, 0, 0, 0>>,
   <<0, 0, 0, 0, 0>>,
   <<0, 0, 0, 0, 0>> >>
/\ commitIndex = <<0, 0, 0, 0, 0>>
/\ pendingConfChangeIndex = <<0, 0, 0, 0, 0>>
/\ durableState = << [ currentTerm |-> 1,
     commitIndex |-> 0,
     log |-> 1,
     votedFor |-> 1,
     config |-> [jointConfig |-> <<{1, 2, 3, 4, 5}, {}>>, learners |-> {}],
     logEntries |->
         <<[term |-> 1, type |-> ValueEntry, value |-> [val |-> 0]]>> ],
   [ currentTerm |-> 2,
     commitIndex |-> 0,
     log |-> 0,
     votedFor |-> 2,
     config |-> [jointConfig |-> <<{1, 2, 3, 4, 5}, {}>>, learners |-> {}],
     logEntries |-> <<>> ],
   [ currentTerm |-> 2,
     commitIndex |-> 0,
     log |-> 0,
     votedFor |-> 2,
     config |-> [jointConfig |-> <<{1, 2, 3, 4, 5}, {}>>, learners |-> {}],
     logEntries |-> <<>> ],
   [ currentTerm |-> 2,
     commitIndex |-> 0,
     log |-> 0,
     votedFor |-> 2,
     config |-> [jointConfig |-> <<{1, 2, 3, 4, 5}, {}>>, learners |-> {}],
     logEntries |-> <<>> ],
   [ currentTerm |-> 1,
     commitIndex |-> 0,
     log |-> 0,
     votedFor |-> 1,
     config |-> [jointConfig |-> <<{1, 2, 3, 4, 5}, {}>>, learners |-> {}],
     logEntries |-> <<>> ] >>
/\ state = <<Leader, Candidate, Follower, Follower, Follower>>
/\ messages = ( [ msource |-> 4,
    mdest |-> 2,
    mtype |-> RequestVoteResponse,
    mterm |-> 2,
    mvoteGranted |-> TRUE ] :>
      1 )
/\ log = << <<[term |-> 1, type |-> ValueEntry, value |-> [val |-> 0]]>>,
   <<>>,
   <<>>,
   <<>>,
   <<>> >>
/\ votesGranted = <<{1, 4, 5}, {2, 3}, {}, {}, {}>>

State 33: <Step line 43, col 6 to line 43, col 44 of module MoreUpToDate>
/\ config = << [jointConfig |-> <<{1, 2, 3, 4, 5}, {}>>, learners |-> {}],
   [jointConfig |-> <<{1, 2, 3, 4, 5}, {}>>, learners |-> {}],
   [jointConfig |-> <<{1, 2, 3, 4, 5}, {}>>, learners |-> {}],
   [jointConfig |-> <<{1, 2, 3, 4, 5}, {}>>, learners |-> {}],
   [jointConfig |-> <<{1, 2, 3, 4, 5}, {}>>, learners |-> {}] >>
/\ votesResponded = <<{1, 4, 5}, {2, 3, 4}, {}, {}, {}>>
/\ reconfigCount = 0
/\ currentTerm = <<1, 2, 2, 2, 1>>
/\ votedFor = <<1, 2, 2, 2, 1>>
/\ pendingMessages = << >>
/\ pc = 32
/\ matchIndex = << <<0, 0, 0, 0, 0>>,
   <<0, 0, 0, 0, 0>>,
   <<0, 0, 0, 0, 0>>,
   <<0, 0, 0, 0, 0>>,
   <<0, 0, 0, 0, 0>> >>
/\ commitIndex = <<0, 0, 0, 0, 0>>
/\ pendingConfChangeIndex = <<0, 0, 0, 0, 0>>
/\ durableState = << [ currentTerm |-> 1,
     commitIndex |-> 0,
     log |-> 1,
     votedFor |-> 1,
     config |-> [jointConfig |-> <<{1, 2, 3, 4, 5}, {}>>, learners |-> {}],
     logEntries |->
         <<[term |-> 1, type |-> ValueEntry, value |-> [val |-> 0]]>> ],
   [ currentTerm |-> 2,
     commitIndex |-> 0,
     log |-> 0,
     votedFor |-> 2,
     config |-> [jointConfig |-> <<{1, 2, 3, 4, 5}, {}>>, learners |-> {}],
     logEntries |-> <<>> ],
   [ currentTerm |-> 2,
     commitIndex |-> 0,
     log |-> 0,
     votedFor |-> 2,
     config |-> [jointConfig |-> <<{1, 2, 3, 4, 5}, {}>>, learners |-> {}],
     logEntries |-> <<>> ],
   [ currentTerm |-> 2,
     commitIndex |-> 0,
     log |-> 0,
     votedFor |-> 2,
     config |-> [jointConfig |-> <<{1, 2, 3, 4, 5}, {}>>, learners |-> {}],
     logEntries |-> <<>> ],
   [ currentTerm |-> 1,
     commitIndex |-> 0,
     log |-> 0,
     votedFor |-> 1,
     config |-> [jointConfig |-> <<{1, 2, 3, 4, 5}, {}>>, learners |-> {}],
     logEntries |-> <<>> ] >>
/\ state = <<Leader, Candidate, Follower, Follower, Follower>>
/\ messages = << >>
/\ log = << <<[term |-> 1, type |-> ValueEntry, value |-> [val |-> 0]]>>,
   <<>>,
   <<>>,
   <<>>,
   <<>> >>
/\ votesGranted = <<{1, 4, 5}, {2, 3, 4}, {}, {}, {}>>

State 34: <Step line 44, col 6 to line 44, col 30 of module MoreUpToDate>
/\ config = << [jointConfig |-> <<{1, 2, 3, 4, 5}, {}>>, learners |-> {}],
   [jointConfig |-> <<{1, 2, 3, 4, 5}, {}>>, learners |-> {}],
   [jointConfig |-> <<{1, 2, 3, 4, 5}, {}>>, learners |-> {}],
   [jointConfig |-> <<{1, 2, 3, 4, 5}, {}>>, learners |-> {}],
   [jointConfig |-> <<{1, 2, 3, 4, 5}, {}>>, learners |-> {}] >>
/\ votesResponded = <<{1, 4, 5}, {2, 3, 4}, {}, {}, {}>>
/\ reconfigCount = 0
/\ currentTerm = <<1, 2, 2, 2, 1>>
/\ votedFor = <<1, 2, 2, 2, 1>>
/\ pendingMessages = << >>
/\ pc = 33
/\ matchIndex = << <<0, 0, 0, 0, 0>>,
   <<0, 0, 0, 0, 0>>,
   <<0, 0, 0, 0, 0>>,
   <<0, 0, 0, 0, 0>>,
   <<0, 0, 0, 0, 0>> >>
/\ commitIndex = <<0, 0, 0, 0, 0>>
/\ pendingConfChangeIndex = <<0, 0, 0, 0, 0>>
/\ durableState = << [ currentTerm |-> 1,
     commitIndex |-> 0,
     log |-> 1,
     votedFor |-> 1,
     config |-> [jointConfig |-> <<{1, 2, 3, 4, 5}, {}>>, learners |-> {}],
     logEntries |->
         <<[term |-> 1, type |-> ValueEntry, value |-> [val |-> 0]]>> ],
   [ currentTerm |-> 2,
     commitIndex |-> 0,
     log |-> 0,
     votedFor |-> 2,
     config |-> [jointConfig |-> <<{1, 2, 3, 4, 5}, {}>>, learners |-> {}],
     logEntries |-> <<>> ],
   [ currentTerm |-> 2,
     commitIndex |-> 0,
     log |-> 0,
     votedFor |-> 2,
     config |-> [jointConfig |-> <<{1, 2, 3, 4, 5}, {}>>, learners |-> {}],
     logEntries |-> <<>> ],
   [ currentTerm |-> 2,
     commitIndex |-> 0,
     log |-> 0,
     votedFor |-> 2,
     config |-> [jointConfig |-> <<{1, 2, 3, 4, 5}, {}>>, learners |-> {}],
     logEntries |-> <<>> ],
   [ currentTerm |-> 1,
     commitIndex |-> 0,
     log |-> 0,
     votedFor |-> 1,
     config |-> [jointConfig |-> <<{1, 2, 3, 4, 5}, {}>>, learners |-> {}],
     logEntries |-> <<>> ] >>
/\ state = <<Leader, Leader, Follower, Follower, Follower>>
/\ messages = << >>
/\ log = << <<[term |-> 1, type |-> ValueEntry, value |-> [val |-> 0]]>>,
   <<>>,
   <<>>,
   <<>>,
   <<>> >>
/\ votesGranted = <<{1, 4, 5}, {2, 3, 4}, {}, {}, {}>>

State 35: <Step line 45, col 6 to line 45, col 33 of module MoreUpToDate>
/\ config = << [jointConfig |-> <<{1, 2, 3, 4, 5}, {}>>, learners |-> {}],
   [jointConfig |-> <<{1, 2, 3, 4, 5}, {}>>, learners |-> {}],
   [jointConfig |-> <<{1, 2, 3, 4, 5}, {}>>, learners |-> {}],
   [jointConfig |-> <<{1, 2, 3, 4, 5}, {}>>, learners |-> {}],
   [jointConfig |-> <<{1, 2, 3, 4, 5}, {}>>, learners |-> {}] >>
/\ votesResponded = <<{1, 4, 5}, {2, 3, 4}, {}, {}, {}>>
/\ reconfigCount = 0
/\ currentTerm = <<1, 2, 2, 2, 1>>
/\ votedFor = <<1, 2, 2, 2, 1>>
/\ pendingMessages = << >>
/\ pc = 34
/\ matchIndex = << <<0, 0, 0, 0, 0>>,
   <<0, 0, 0, 0, 0>>,
   <<0, 0, 0, 0, 0>>,
   <<0, 0, 0, 0, 0>>,
   <<0, 0, 0, 0, 0>> >>
/\ commitIndex = <<0, 0, 0, 0, 0>>
/\ pendingConfChangeIndex = <<0, 0, 0, 0, 0>>
/\ durableState = << [ currentTerm |-> 1,
     commitIndex |-> 0,
     log |-> 1,
     votedFor |-> 1,
     config |-> [jointConfig |-> <<{1, 2, 3, 4, 5}, {}>>, learners |-> {}],
     logEntries |->
         <<[term |-> 1, type |-> ValueEntry, value |-> [val |-> 0]]>> ],
   [ currentTerm |-> 2,
     commitIndex |-> 0,
     log |-> 0,
     votedFor |-> 2,
     config |-> [jointConfig |-> <<{1, 2, 3, 4, 5}, {}>>, learners |-> {}],
     logEntries |-> <<>> ],
   [ currentTerm |-> 2,
     commitIndex |-> 0,
     log |-> 0,
     votedFor |-> 2,
     config |-> [jointConfig |-> <<{1, 2, 3, 4, 5}, {}>>, learners |-> {}],
     logEntries |-> <<>> ],
   [ currentTerm |-> 2,
     commitIndex |-> 0,
     log |-> 0,
     votedFor |-> 2,
     config |-> [jointConfig |-> <<{1, 2, 3, 4, 5}, {}>>, learners |-> {}],
     logEntries |-> <<>> ],
   [ currentTerm |-> 1,
     commitIndex |-> 0,
     log |-> 0,
     votedFor |-> 1,
     config |-> [jointConfig |-> <<{1, 2, 3, 4, 5}, {}>>, learners |-> {}],
     logEntries |-> <<>> ] >>
/\ state = <<Leader, Leader, Follower, Follower, Follower>>
/\ messages = << >>
/\ log = << <<[term |-> 1, type |-> ValueEntry, value |-> [val |-> 0]]>>,
   <<[term |-> 2, type |-> ValueEntry, value |-> [val |-> 0]]>>,
   <<>>,
   <<>>,
   <<>> >>
/\ votesGranted = <<{1, 4, 5}, {2, 3, 4}, {}, {}, {}>>

State 36: <Step line 46, col 6 to line 46, col 23 of module MoreUpToDate>
/\ config = << [jointConfig |-> <<{1, 2, 3, 4, 5}, {}>>, learners |-> {}],
   [jointConfig |-> <<{1, 2, 3, 4, 5}, {}>>, learners |-> {}],
   [jointConfig |-> <<{1, 2, 3, 4, 5}, {}>>, learners |-> {}],
   [jointConfig |-> <<{1, 2, 3, 4, 5}, {}>>, learners |-> {}],
   [jointConfig |-> <<{1, 2, 3, 4, 5}, {}>>, learners |-> {}] >>
/\ votesResponded = <<{1, 4, 5}, {2, 3, 4}, {}, {}, {}>>
/\ reconfigCount = 0
/\ currentTerm = <<1, 2, 2, 2, 1>>
/\ votedFor = <<1, 2, 2, 2, 1>>
/\ pendingMessages = << >>
/\ pc = 35
/\ matchIndex = << <<0, 0, 0, 0, 0>>,
   <<0, 0, 0, 0, 0>>,
   <<0, 0, 0, 0, 0>>,
   <<0, 0, 0, 0, 0>>,
   <<0, 0, 0, 0, 0>> >>
/\ commitIndex = <<0, 0, 0, 0, 0>>
/\ pendingConfChangeIndex = <<0, 0, 0, 0, 0>>
/\ durableState = << [ currentTerm |-> 1,
     commitIndex |-> 0,
     log |-> 1,
     votedFor |-> 1,
     config |-> [jointConfig |-> <<{1, 2, 3, 4, 5}, {}>>, learners |-> {}],
     logEntries |->
         <<[term |-> 1, type |-> ValueEntry, value |-> [val |-> 0]]>> ],
   [ currentTerm |-> 2,
     commitIndex |-> 0,
     log |-> 1,
     votedFor |-> 2,
     config |-> [jointConfig |-> <<{1, 2, 3, 4, 5}, {}>>, learners |-> {}],
     logEntries |->
         <<[term |-> 2, type |-> ValueEntry, value |-> [val |-> 0]]>> ],
   [ currentTerm |-> 2,
     commitIndex |-> 0,
     log |-> 0,
     votedFor |-> 2,
     config |-> [jointConfig |-> <<{1, 2, 3, 4, 5}, {}>>, learners |-> {}],
     logEntries |-> <<>> ],
   [ currentTerm |-> 2,
     commitIndex |-> 0,
     log |-> 0,
     votedFor |-> 2,
     config |-> [jointConfig |-> <<{1, 2, 3, 4, 5}, {}>>, learners |-> {}],
     logEntries |-> <<>> ],
   [ currentTerm |-> 1,
     commitIndex |-> 0,
     log |-> 0,
     votedFor |-> 1,
     config |-> [jointConfig |-> <<{1, 2, 3, 4, 5}, {}>>, learners |-> {}],
     logEntries |-> <<>> ] >>
/\ state = <<Leader, Leader, Follower, Follower, Follower>>
/\ messages = << >>
/\ log = << <<[term |-> 1, type |-> ValueEntry, value |-> [val |-> 0]]>>,
   <<[term |-> 2, type |-> ValueEntry, value |-> [val |-> 0]]>>,
   <<>>,
   <<>>,
   <<>> >>
/\ votesGranted = <<{1, 4, 5}, {2, 3, 4}, {}, {}, {}>>

State 37: <Step line 47, col 6 to line 47, col 36 of module MoreUpToDate>
/\ config = << [jointConfig |-> <<{1, 2, 3, 4, 5}, {}>>, learners |-> {}],
   [jointConfig |-> <<{1, 2, 3, 4, 5}, {}>>, learners |-> {}],
   [jointConfig |-> <<{1, 2, 3, 4, 5}, {}>>, learners |-> {}],
   [jointConfig |-> <<{1, 2, 3, 4, 5}, {}>>, learners |-> {}],
   [jointConfig |-> <<{1, 2, 3, 4, 5}, {}>>, learners |-> {}] >>
/\ votesResponded = <<{1, 4, 5}, {2, 3, 4}, {}, {}, {}>>
/\ reconfigCount = 0
/\ currentTerm = <<1, 2, 2, 2, 1>>
/\ votedFor = <<1, 2, 2, 2, 1>>
/\ pendingMessages = << >>
/\ pc = 36
/\ matchIndex = << <<0, 0, 0, 0, 0>>,
   <<0, 0, 0, 0, 0>>,
   <<0, 0, 0, 0, 0>>,
   <<0, 0, 0, 0, 0>>,
   <<0, 0, 0, 0, 0>> >>
/\ commitIndex = <<0, 0, 0, 0, 0>>
/\ pendingConfChangeIndex = <<0, 0, 0, 0, 0>>
/\ durableState = << [ currentTerm |-> 1,
     commitIndex |-> 0,
     log |-> 1,
     votedFor |-> 1,
     config |-> [jointConfig |-> <<{1, 2, 3, 4, 5}, {}>>, learners |-> {}],
     logEntries |->
         <<[term |-> 1, type |-> ValueEntry, value |-> [val |-> 0]]>> ],
   [ currentTerm |-> 2,
     commitIndex |-> 0,
     log |-> 1,
     votedFor |-> 2,
     config |-> [jointConfig |-> <<{1, 2, 3, 4, 5}, {}>>, learners |-> {}],
     logEntries |->
         <<[term |-> 2, type |-> ValueEntry, value |-> [val |-> 0]]>> ],
   [ currentTerm |-> 2,
     commitIndex |-> 0,
     log |-> 0,
     votedFor |-> 2,
     config |-> [jointConfig |-> <<{1, 2, 3, 4, 5}, {}>>, learners |-> {}],
     logEntries |-> <<>> ],
   [ currentTerm |-> 2,
     commitIndex |-> 0,
     log |-> 0,
     votedFor |-> 2,
     config |-> [jointConfig |-> <<{1, 2, 3, 4, 5}, {}>>, learners |-> {}],
     logEntries |-> <<>> ],
   [ currentTerm |-> 1,
     commitIndex |-> 0,
     log |-> 0,
     votedFor |-> 1,
     config |-> [jointConfig |-> <<{1, 2, 3, 4, 5}, {}>>, learners |-> {}],
     logEntries |-> <<>> ] >>
/\ state = <<Follower, Leader, Follower, Follower, Follower>>
/\ messages = << >>
/\ log = << <<[term |-> 1, type |-> ValueEntry, value |-> [val |-> 0]]>>,
   <<[term |-> 2, type |-> ValueEntry, value |-> [val |-> 0]]>>,
   <<>>,
   <<>>,
   <<>> >>
/\ votesGranted = <<{1, 4, 5}, {2, 3, 4}, {}, {}, {}>>

State 38: <Step line 48, col 6 to line 48, col 25 of module MoreUpToDate>
/\ config = << [jointConfig |-> <<{1, 2, 3, 4, 5}, {}>>, learners |-> {}],
   [jointConfig |-> <<{1, 2, 3, 4, 5}, {}>>, learners |-> {}],
   [jointConfig |-> <<{1, 2, 3, 4, 5}, {}>>, learners |-> {}],
   [jointConfig |-> <<{1, 2, 3, 4, 5}, {}>>, learners |-> {}],
   [jointConfig |-> <<{1, 2, 3, 4, 5}, {}>>, learners |-> {}] >>
/\ votesResponded = <<{}, {2, 3, 4}, {}, {}, {}>>
/\ reconfigCount = 0
/\ currentTerm = <<2, 2, 2, 2, 1>>
/\ votedFor = <<1, 2, 2, 2, 1>>
/\ pendingMessages = << >>
/\ pc = 37
/\ matchIndex = << <<0, 0, 0, 0, 0>>,
   <<0, 0, 0, 0, 0>>,
   <<0, 0, 0, 0, 0>>,
   <<0, 0, 0, 0, 0>>,
   <<0, 0, 0, 0, 0>> >>
/\ commitIndex = <<0, 0, 0, 0, 0>>
/\ pendingConfChangeIndex = <<0, 0, 0, 0, 0>>
/\ durableState = << [ currentTerm |-> 1,
     commitIndex |-> 0,
     log |-> 1,
     votedFor |-> 1,
     config |-> [jointConfig |-> <<{1, 2, 3, 4, 5}, {}>>, learners |-> {}],
     logEntries |->
         <<[term |-> 1, type |-> ValueEntry, value |-> [val |-> 0]]>> ],
   [ currentTerm |-> 2,
     commitIndex |-> 0,
     log |-> 1,
     votedFor |-> 2,
     config |-> [jointConfig |-> <<{1, 2, 3, 4, 5}, {}>>, learners |-> {}],
     logEntries |->
         <<[term |-> 2, type |-> ValueEntry, value |-> [val |-> 0]]>> ],
   [ currentTerm |-> 2,
     commitIndex |-> 0,
     log |-> 0,
     votedFor |-> 2,
     config |-> [jointConfig |-> <<{1, 2, 3, 4, 5}, {}>>, learners |-> {}],
     logEntries |-> <<>> ],
   [ currentTerm |-> 2,
     commitIndex |-> 0,
     log |-> 0,
     votedFor |-> 2,
     config |-> [jointConfig |-> <<{1, 2, 3, 4, 5}, {}>>, learners |-> {}],
     logEntries |-> <<>> ],
   [ currentTerm |-> 1,
     commitIndex |-> 0,
     log |-> 0,
     votedFor |-> 1,
     config |-> [jointConfig |-> <<{1, 2, 3, 4, 5}, {}>>, learners |-> {}],
     logEntries |-> <<>> ] >>
/\ state = <<Candidate, Leader, Follower, Follower, Follower>>
/\ messages = << >>
/\ log = << <<[term |-> 1, type |-> ValueEntry, value |-> [val |-> 0]]>>,
   <<[term |-> 2, type |-> ValueEntry, value |-> [val |-> 0]]>>,
   <<>>,
   <<>>,
   <<>> >>
/\ votesGranted = <<{}, {2, 3, 4}, {}, {}, {}>>

State 39: <Step line 49, col 6 to line 49, col 25 of module MoreUpToDate>
/\ config = << [jointConfig |-> <<{1, 2, 3, 4, 5}, {}>>, learners |-> {}],
   [jointConfig |-> <<{1, 2, 3, 4, 5}, {}>>, learners |-> {}],
   [jointConfig |-> <<{1, 2, 3, 4, 5}, {}>>, learners |-> {}],
   [jointConfig |-> <<{1, 2, 3, 4, 5}, {}>>, learners |-> {}],
   [jointConfig |-> <<{1, 2, 3, 4, 5}, {}>>, learners |-> {}] >>
/\ votesResponded = <<{}, {2, 3, 4}, {}, {}, {}>>
/\ reconfigCount = 0
/\ currentTerm = <<3, 2, 2, 2, 1>>
/\ votedFor = <<1, 2, 2, 2, 1>>
/\ pendingMessages = << >>
/\ pc = 38
/\ matchIndex = << <<0, 0, 0, 0, 0>>,
   <<0, 0, 0, 0, 0>>,
   <<0, 0, 0, 0, 0>>,
   <<0, 0, 0, 0, 0>>,
   <<0, 0, 0, 0, 0>> >>
/\ commitIndex = <<0, 0, 0, 0, 0>>
/\ pendingConfChangeIndex = <<0, 0, 0, 0, 0>>
/\ durableState = << [ currentTerm |-> 1,
     commitIndex |-> 0,
     log |-> 1,
     votedFor |-> 1,
     config |-> [jointConfig |-> <<{1, 2, 3, 4, 5}, {}>>, learners |-> {}],
     logEntries |->
         <<[term |-> 1, type |-> ValueEntry, value |-> [val |-> 0]]>> ],
   [ currentTerm |-> 2,
     commitIndex |-> 0,
     log |-> 1,
     votedFor |-> 2,
     config |-> [jointConfig |-> <<{1, 2, 3, 4, 5}, {}>>, learners |-> {}],
     logEntries |->
         <<[term |-> 2, type |-> ValueEntry, value |-> [val |-> 0]]>> ],
   [ currentTerm |-> 2,
     commitIndex |-> 0,
     log |-> 0,
     votedFor |-> 2,
     config |-> [jointConfig |-> <<{1, 2, 3, 4, 5}, {}>>, learners |-> {}],
     logEntries |-> <<>> ],
   [ currentTerm |-> 2,
     commitIndex |-> 0,
     log |-> 0,
     votedFor |-> 2,
     config |-> [jointConfig |-> <<{1, 2, 3, 4, 5}, {}>>, learners |-> {}],
     logEntries |-> <<>> ],
   [ currentTerm |-> 1,
     commitIndex |-> 0,
     log |-> 0,
     votedFor |-> 1,
     config |-> [jointConfig |-> <<{1, 2, 3, 4, 5}, {}>>, learners |-> {}],
     logEntries |-> <<>> ] >>
/\ state = <<Candidate, Leader, Follower, Follower, Follower>>
/\ messages = << >>
/\ log = << <<[term |-> 1, type |-> ValueEntry, value |-> [val |-> 0]]>>,
   <<[term |-> 2, type |-> ValueEntry, value |-> [val |-> 0]]>>,
   <<>>,
   <<>>,
   <<>> >>
/\ votesGranted = <<{}, {2, 3, 4}, {}, {}, {}>>

State 40: <Step line 50, col 6 to line 50, col 31 of module MoreUpToDate>
/\ config = << [jointConfig |-> <<{1, 2, 3, 4, 5}, {}>>, learners |-> {}],
   [jointConfig |-> <<{1, 2, 3, 4, 5}, {}>>, learners |-> {}],
   [jointConfig |-> <<{1, 2, 3, 4, 5}, {}>>, learners |-> {}],
   [jointConfig |-> <<{1, 2, 3, 4, 5}, {}>>, learners |-> {}],
   [jointConfig |-> <<{1, 2, 3, 4, 5}, {}>>, learners |-> {}] >>
/\ votesResponded = <<{}, {2, 3, 4}, {}, {}, {}>>
/\ reconfigCount = 0
/\ currentTerm = <<3, 2, 2, 2, 1>>
/\ votedFor = <<1, 2, 2, 2, 1>>
/\ pendingMessages = ( [ msource |-> 1,
    mdest |-> 1,
    mtype |-> RequestVoteResponse,
    mterm |-> 3,
    mvoteGranted |-> TRUE ] :>
      1 )
/\ pc = 39
/\ matchIndex = << <<0, 0, 0, 0, 0>>,
   <<0, 0, 0, 0, 0>>,
   <<0, 0, 0, 0, 0>>,
   <<0, 0, 0, 0, 0>>,
   <<0, 0, 0, 0, 0>> >>
/\ commitIndex = <<0, 0, 0, 0, 0>>
/\ pendingConfChangeIndex = <<0, 0, 0, 0, 0>>
/\ durableState = << [ currentTerm |-> 1,
     commitIndex |-> 0,
     log |-> 1,
     votedFor |-> 1,
     config |-> [jointConfig |-> <<{1, 2, 3, 4, 5}, {}>>, learners |-> {}],
     logEntries |->
         <<[term |-> 1, type |-> ValueEntry, value |-> [val |-> 0]]>> ],
   [ currentTerm |-> 2,
     commitIndex |-> 0,
     log |-> 1,
     votedFor |-> 2,
     config |-> [jointConfig |-> <<{1, 2, 3, 4, 5}, {}>>, learners |-> {}],
     logEntries |->
         <<[term |-> 2, type |-> ValueEntry, value |-> [val |-> 0]]>> ],
   [ currentTerm |-> 2,
     commitIndex |-> 0,
     log |-> 0,
     votedFor |-> 2,
     config |-> [jointConfig |-> <<{1, 2, 3, 4, 5}, {}>>, learners |-> {}],
     logEntries |-> <<>> ],
   [ currentTerm |-> 2,
     commitIndex |-> 0,
     log |-> 0,
     votedFor |-> 2,
     config |-> [jointConfig |-> <<{1, 2, 3, 4, 5}, {}>>, learners |-> {}],
     logEntries |-> <<>> ],
   [ currentTerm |-> 1,
     commitIndex |-> 0,
     log |-> 0,
     votedFor |-> 1,
     config |-> [jointConfig |-> <<{1, 2, 3, 4, 5}, {}>>, learners |-> {}],
     logEntries |-> <<>> ] >>
/\ state = <<Candidate, Leader, Follower, Follower, Follower>>
/\ messages = << >>
/\ log = << <<[term |-> 1, type |-> ValueEntry, value |-> [val |-> 0]]>>,
   <<[term |-> 2, type |-> ValueEntry, value |-> [val |-> 0]]>>,
   <<>>,
   <<>>,
   <<>> >>
/\ votesGranted = <<{}, {2, 3, 4}, {}, {}, {}>>

State 41: <Step line 51, col 6 to line 51, col 31 of module MoreUpToDate>
/\ config = << [jointConfig |-> <<{1, 2, 3, 4, 5}, {}>>, learners |-> {}],
   [jointConfig |-> <<{1, 2, 3, 4, 5}, {}>>, learners |-> {}],
   [jointConfig |-> <<{1, 2, 3, 4, 5}, {}>>, learners |-> {}],
   [jointConfig |-> <<{1, 2, 3, 4, 5}, {}>>, learners |-> {}],
   [jointConfig |-> <<{1, 2, 3, 4, 5}, {}>>, learners |-> {}] >>
/\ votesResponded = <<{}, {2, 3, 4}, {}, {}, {}>>
/\ reconfigCount = 0
/\ currentTerm = <<3, 2, 2, 2, 1>>
/\ votedFor = <<1, 2, 2, 2, 1>>
/\ pendingMessages = ( [ msource |-> 1,
    mdest |-> 1,
    mtype |-> RequestVoteResponse,
    mterm |-> 3,
    mvoteGranted |-> TRUE ] :>
      1 @@
  [ msource |-> 1,
    mdest |-> 4,
    mtype |-> RequestVoteRequest,
    mterm |-> 3,
    mlastLogTerm |-> 1,
    mlastLogIndex |-> 1 ] :>
      1 )
/\ pc = 40
/\ matchIndex = << <<0, 0, 0, 0, 0>>,
   <<0, 0, 0, 0, 0>>,
   <<0, 0, 0, 0, 0>>,
   <<0, 0, 0, 0, 0>>,
   <<0, 0, 0, 0, 0>> >>
/\ commitIndex = <<0, 0, 0, 0, 0>>
/\ pendingConfChangeIndex = <<0, 0, 0, 0, 0>>
/\ durableState = << [ currentTerm |-> 1,
     commitIndex |-> 0,
     log |-> 1,
     votedFor |-> 1,
     config |-> [jointConfig |-> <<{1, 2, 3, 4, 5}, {}>>, learners |-> {}],
     logEntries |->
         <<[term |-> 1, type |-> ValueEntry, value |-> [val |-> 0]]>> ],
   [ currentTerm |-> 2,
     commitIndex |-> 0,
     log |-> 1,
     votedFor |-> 2,
     config |-> [jointConfig |-> <<{1, 2, 3, 4, 5}, {}>>, learners |-> {}],
     logEntries |->
         <<[term |-> 2, type |-> ValueEntry, value |-> [val |-> 0]]>> ],
   [ currentTerm |-> 2,
     commitIndex |-> 0,
     log |-> 0,
     votedFor |-> 2,
     config |-> [jointConfig |-> <<{1, 2, 3, 4, 5}, {}>>, learners |-> {}],
     logEntries |-> <<>> ],
   [ currentTerm |-> 2,
     commitIndex |-> 0,
     log |-> 0,
     votedFor |-> 2,
     config |-> [jointConfig |-> <<{1, 2, 3, 4, 5}, {}>>, learners |-> {}],
     logEntries |-> <<>> ],
   [ currentTerm |-> 1,
     commitIndex |-> 0,
     log |-> 0,
     votedFor |-> 1,
     config |-> [jointConfig |-> <<{1, 2, 3, 4, 5}, {}>>, learners |-> {}],
     logEntries |-> <<>> ] >>
/\ state = <<Candidate, Leader, Follower, Follower, Follower>>
/\ messages = << >>
/\ log = << <<[term |-> 1, type |-> ValueEntry, value |-> [val |-> 0]]>>,
   <<[term |-> 2, type |-> ValueEntry, value |-> [val |-> 0]]>>,
   <<>>,
   <<>>,
   <<>> >>
/\ votesGranted = <<{}, {2, 3, 4}, {}, {}, {}>>

State 42: <Step line 52, col 6 to line 52, col 31 of module MoreUpToDate>
/\ config = << [jointConfig |-> <<{1, 2, 3, 4, 5}, {}>>, learners |-> {}],
   [jointConfig |-> <<{1, 2, 3, 4, 5}, {}>>, learners |-> {}],
   [jointConfig |-> <<{1, 2, 3, 4, 5}, {}>>, learners |-> {}],
   [jointConfig |-> <<{1, 2, 3, 4, 5}, {}>>, learners |-> {}],
   [jointConfig |-> <<{1, 2, 3, 4, 5}, {}>>, learners |-> {}] >>
/\ votesResponded = <<{}, {2, 3, 4}, {}, {}, {}>>
/\ reconfigCount = 0
/\ currentTerm = <<3, 2, 2, 2, 1>>
/\ votedFor = <<1, 2, 2, 2, 1>>
/\ pendingMessages = ( [ msource |-> 1,
    mdest |-> 1,
    mtype |-> RequestVoteResponse,
    mterm |-> 3,
    mvoteGranted |-> TRUE ] :>
      1 @@
  [ msource |-> 1,
    mdest |-> 4,
    mtype |-> RequestVoteRequest,
    mterm |-> 3,
    mlastLogTerm |-> 1,
    mlastLogIndex |-> 1 ] :>
      1 @@
  [ msource |-> 1,
    mdest |-> 5,
    mtype |-> RequestVoteRequest,
    mterm |-> 3,
    mlastLogTerm |-> 1,
    mlastLogIndex |-> 1 ] :>
      1 )
/\ pc = 41
/\ matchIndex = << <<0, 0, 0, 0, 0>>,
   <<0, 0, 0, 0, 0>>,
   <<0, 0, 0, 0, 0>>,
   <<0, 0, 0, 0, 0>>,
   <<0, 0, 0, 0, 0>> >>
/\ commitIndex = <<0, 0, 0, 0, 0>>
/\ pendingConfChangeIndex = <<0, 0, 0, 0, 0>>
/\ durableState = << [ currentTerm |-> 1,
     commitIndex |-> 0,
     log |-> 1,
     votedFor |-> 1,
     config |-> [jointConfig |-> <<{1, 2, 3, 4, 5}, {}>>, learners |-> {}],
     logEntries |->
         <<[term |-> 1, type |-> ValueEntry, value |-> [val |-> 0]]>> ],
   [ currentTerm |-> 2,
     commitIndex |-> 0,
     log |-> 1,
     votedFor |-> 2,
     config |-> [jointConfig |-> <<{1, 2, 3, 4, 5}, {}>>, learners |-> {}],
     logEntries |->
         <<[term |-> 2, type |-> ValueEntry, value |-> [val |-> 0]]>> ],
   [ currentTerm |-> 2,
     commitIndex |-> 0,
     log |-> 0,
     votedFor |-> 2,
     config |-> [jointConfig |-> <<{1, 2, 3, 4, 5}, {}>>, learners |-> {}],
     logEntries |-> <<>> ],
   [ currentTerm |-> 2,
     commitIndex |-> 0,
     log |-> 0,
     votedFor |-> 2,
     config |-> [jointConfig |-> <<{1, 2, 3, 4, 5}, {}>>, learners |-> {}],
     logEntries |-> <<>> ],
   [ currentTerm |-> 1,
     commitIndex |-> 0,
     log |-> 0,
     votedFor |-> 1,
     config |-> [jointConfig |-> <<{1, 2, 3, 4, 5}, {}>>, learners |-> {}],
     logEntries |-> <<>> ] >>
/\ state = <<Candidate, Leader, Follower, Follower, Follower>>
/\ messages = << >>
/\ log = << <<[term |-> 1, type |-> ValueEntry, value |-> [val |-> 0]]>>,
   <<[term |-> 2, type |-> ValueEntry, value |-> [val |-> 0]]>>,
   <<>>,
   <<>>,
   <<>> >>
/\ votesGranted = <<{}, {2, 3, 4}, {}, {}, {}>>

State 43: <Step line 53, col 6 to line 53, col 23 of module MoreUpToDate>
/\ config = << [jointConfig |-> <<{1, 2, 3, 4, 5}, {}>>, learners |-> {}],
   [jointConfig |-> <<{1, 2, 3, 4, 5}, {}>>, learners |-> {}],
   [jointConfig |-> <<{1, 2, 3, 4, 5}, {}>>, learners |-> {}],
   [jointConfig |-> <<{1, 2, 3, 4, 5}, {}>>, learners |-> {}],
   [jointConfig |-> <<{1, 2, 3, 4, 5}, {}>>, learners |-> {}] >>
/\ votesResponded = <<{}, {2, 3, 4}, {}, {}, {}>>
/\ reconfigCount = 0
/\ currentTerm = <<3, 2, 2, 2, 1>>
/\ votedFor = <<1, 2, 2, 2, 1>>
/\ pendingMessages = << >>
/\ pc = 42
/\ matchIndex = << <<0, 0, 0, 0, 0>>,
   <<0, 0, 0, 0, 0>>,
   <<0, 0, 0, 0, 0>>,
   <<0, 0, 0, 0, 0>>,
   <<0, 0, 0, 0, 0>> >>
/\ commitIndex = <<0, 0, 0, 0, 0>>
/\ pendingConfChangeIndex = <<0, 0, 0, 0, 0>>
/\ durableState = << [ currentTerm |-> 3,
     commitIndex |-> 0,
     log |-> 1,
     votedFor |-> 1,
     config |-> [jointConfig |-> <<{1, 2, 3, 4, 5}, {}>>, learners |-> {}],
     logEntries |->
         <<[term |-> 1, type |-> ValueEntry, value |-> [val |-> 0]]>> ],
   [ currentTerm |-> 2,
     commitIndex |-> 0,
     log |-> 1,
     votedFor |-> 2,
     config |-> [jointConfig |-> <<{1, 2, 3, 4, 5}, {}>>, learners |-> {}],
     logEntries |->
         <<[term |-> 2, type |-> ValueEntry, value |-> [val |-> 0]]>> ],
   [ currentTerm |-> 2,
     commitIndex |-> 0,
     log |-> 0,
     votedFor |-> 2,
     config |-> [jointConfig |-> <<{1, 2, 3, 4, 5}, {}>>, learners |-> {}],
     logEntries |-> <<>> ],
   [ currentTerm |-> 2,
     commitIndex |-> 0,
     log |-> 0,
     votedFor |-> 2,
     config |-> [jointConfig |-> <<{1, 2, 3, 4, 5}, {}>>, learners |-> {}],
     logEntries |-> <<>> ],
   [ currentTerm |-> 1,
     commitIndex |-> 0,
     log |-> 0,
     votedFor |-> 1,
     config |-> [jointConfig |-> <<{1, 2, 3, 4, 5}, {}>>, learners |-> {}],
     logEntries |-> <<>> ] >>
/\ state = <<Candidate, Leader, Follower, Follower, Follower>>
/\ messages = ( [ msource |-> 1,
    mdest |-> 1,
    mtype |-> RequestVoteResponse,
    mterm |-> 3,
    mvoteGranted |-> TRUE ] :>
      1 @@
  [ msource |-> 1,
    mdest |-> 4,
    mtype |-> RequestVoteRequest,
    mterm |-> 3,
    mlastLogTerm |-> 1,
    mlastLogIndex |-> 1 ] :>
      1 @@
  [ msource |-> 1,
    mdest |-> 5,
    mtype |-> RequestVoteRequest,
    mterm |-> 3,
    mlastLogTerm |-> 1,
    mlastLogIndex |-> 1 ] :>
      1 )
/\ log = << <<[term |-> 1, type |-> ValueEntry, value |-> [val |-> 0]]>>,
   <<[term |-> 2, type |-> ValueEntry, value |-> [val |-> 0]]>>,
   <<>>,
   <<>>,
   <<>> >>
/\ votesGranted = <<{}, {2, 3, 4}, {}, {}, {}>>

State 44: <Step line 54, col 6 to line 54, col 44 of module MoreUpToDate>
/\ config = << [jointConfig |-> <<{1, 2, 3, 4, 5}, {}>>, learners |-> {}],
   [jointConfig |-> <<{1, 2, 3, 4, 5}, {}>>, learners |-> {}],
   [jointConfig |-> <<{1, 2, 3, 4, 5}, {}>>, learners |-> {}],
   [jointConfig |-> <<{1, 2, 3, 4, 5}, {}>>, learners |-> {}],
   [jointConfig |-> <<{1, 2, 3, 4, 5}, {}>>, learners |-> {}] >>
/\ votesResponded = <<{1}, {2, 3, 4}, {}, {}, {}>>
/\ reconfigCount = 0
/\ currentTerm = <<3, 2, 2, 2, 1>>
/\ votedFor = <<1, 2, 2, 2, 1>>
/\ pendingMessages = << >>
/\ pc = 43
/\ matchIndex = << <<0, 0, 0, 0, 0>>,
   <<0, 0, 0, 0, 0>>,
   <<0, 0, 0, 0, 0>>,
   <<0, 0, 0, 0, 0>>,
   <<0, 0, 0, 0, 0>> >>
/\ commitIndex = <<0, 0, 0, 0, 0>>
/\ pendingConfChangeIndex = <<0, 0, 0, 0, 0>>
/\ durableState = << [ currentTerm |-> 3,
     commitIndex |-> 0,
     log |-> 1,
     votedFor |-> 1,
     config |-> [jointConfig |-> <<{1, 2, 3, 4, 5}, {}>>, learners |-> {}],
     logEntries |->
         <<[term |-> 1, type |-> ValueEntry, value |-> [val |-> 0]]>> ],
   [ currentTerm |-> 2,
     commitIndex |-> 0,
     log |-> 1,
     votedFor |-> 2,
     config |-> [jointConfig |-> <<{1, 2, 3, 4, 5}, {}>>, learners |-> {}],
     logEntries |->
         <<[term |-> 2, type |-> ValueEntry, value |-> [val |-> 0]]>> ],
   [ currentTerm |-> 2,
     commitIndex |-> 0,
     log |-> 0,
     votedFor |-> 2,
     config |-> [jointConfig |-> <<{1, 2, 3, 4, 5}, {}>>, learners |-> {}],
     logEntries |-> <<>> ],
   [ currentTerm |-> 2,
     commitIndex |-> 0,
     log |-> 0,
     votedFor |-> 2,
     config |-> [jointConfig |-> <<{1, 2, 3, 4, 5}, {}>>, learners |-> {}],
     logEntries |-> <<>> ],
   [ currentTerm |-> 1,
     commitIndex |-> 0,
     log |-> 0,
     votedFor |-> 1,
     config |-> [jointConfig |-> <<{1, 2, 3, 4, 5}, {}>>, learners |-> {}],
     logEntries |-> <<>> ] >>
/\ state = <<Candidate, Leader, Follower, Follower, Follower>>
/\ messages = ( [ msource |-> 1,
    mdest |-> 4,
    mtype |-> RequestVoteRequest,
    mterm |-> 3,
    mlastLogTerm |-> 1,
    mlastLogIndex |-> 1 ] :>
      1 @@
  [ msource |-> 1,
    mdest |-> 5,
    mtype |-> RequestVoteRequest,
    mterm |-> 3,
    mlastLogTerm |-> 1,
    mlastLogIndex |-> 1 ] :>
      1 )
/\ log = << <<[term |-> 1, type |-> ValueEntry, value |-> [val |-> 0]]>>,
   <<[term |-> 2, type |-> ValueEntry, value |-> [val |-> 0]]>>,
   <<>>,
   <<>>,
   <<>> >>
/\ votesGranted = <<{1}, {2, 3, 4}, {}, {}, {}>>

State 45: <Step line 55, col 6 to line 55, col 43 of module MoreUpToDate>
/\ config = << [jointConfig |-> <<{1, 2, 3, 4, 5}, {}>>, learners |-> {}],
   [jointConfig |-> <<{1, 2, 3, 4, 5}, {}>>, learners |-> {}],
   [jointConfig |-> <<{1, 2, 3, 4, 5}, {}>>, learners |-> {}],
   [jointConfig |-> <<{1, 2, 3, 4, 5}, {}>>, learners |-> {}],
   [jointConfig |-> <<{1, 2, 3, 4, 5}, {}>>, learners |-> {}] >>
/\ votesResponded = <<{1}, {2, 3, 4}, {}, {}, {}>>
/\ reconfigCount = 0
/\ currentTerm = <<3, 2, 2, 3, 1>>
/\ votedFor = <<1, 2, 2, Nil, 1>>
/\ pendingMessages = << >>
/\ pc = 44
/\ matchIndex = << <<0, 0, 0, 0, 0>>,
   <<0, 0, 0, 0, 0>>,
   <<0, 0, 0, 0, 0>>,
   <<0, 0, 0, 0, 0>>,
   <<0, 0, 0, 0, 0>> >>
/\ commitIndex = <<0, 0, 0, 0, 0>>
/\ pendingConfChangeIndex = <<0, 0, 0, 0, 0>>
/\ durableState = << [ currentTerm |-> 3,
     commitIndex |-> 0,
     log |-> 1,
     votedFor |-> 1,
     config |-> [jointConfig |-> <<{1, 2, 3, 4, 5}, {}>>, learners |-> {}],
     logEntries |->
         <<[term |-> 1, type |-> ValueEntry, value |-> [val |-> 0]]>> ],
   [ currentTerm |-> 2,
     commitIndex |-> 0,
     log |-> 1,
     votedFor |-> 2,
     config |-> [jointConfig |-> <<{1, 2, 3, 4, 5}, {}>>, learners |-> {}],
     logEntries |->
         <<[term |-> 2, type |-> ValueEntry, value |-> [val |-> 0]]>> ],
   [ currentTerm |-> 2,
     commitIndex |-> 0,
     log |-> 0,
     votedFor |-> 2,
     config |-> [jointConfig |-> <<{1, 2, 3, 4, 5}, {}>>, learners |-> {}],
     logEntries |-> <<>> ],
   [ currentTerm |-> 2,
     commitIndex |-> 0,
     log |-> 0,
     votedFor |-> 2,
     config |-> [jointConfig |-> <<{1, 2, 3, 4, 5}, {}>>, learners |-> {}],
     logEntries |-> <<>> ],
   [ currentTerm |-> 1,
     commitIndex |-> 0,
     log |-> 0,
     votedFor |-> 1,
     config |-> [jointConfig |-> <<{1, 2, 3, 4, 5}, {}>>, learners |-> {}],
     logEntries |-> <<>> ] >>
/\ state = <<Candidate, Leader, Follower, Follower, Follower>>
/\ messages = ( [ msource |-> 1,
    mdest |-> 4,
    mtype |-> RequestVoteRequest,
    mterm |-> 3,
    mlastLogTerm |-> 1,
    mlastLogIndex |-> 1 ] :>
      1 @@
  [ msource |-> 1,
    mdest |-> 5,
    mtype |-> RequestVoteRequest,
    mterm |-> 3,
    mlastLogTerm |-> 1,
    mlastLogIndex |-> 1 ] :>
      1 )
/\ log = << <<[term |-> 1, type |-> ValueEntry, value |-> [val |-> 0]]>>,
   <<[term |-> 2, type |-> ValueEntry, value |-> [val |-> 0]]>>,
   <<>>,
   <<>>,
   <<>> >>
/\ votesGranted = <<{1}, {2, 3, 4}, {}, {}, {}>>

State 46: <Step line 56, col 6 to line 56, col 43 of module MoreUpToDate>
/\ config = << [jointConfig |-> <<{1, 2, 3, 4, 5}, {}>>, learners |-> {}],
   [jointConfig |-> <<{1, 2, 3, 4, 5}, {}>>, learners |-> {}],
   [jointConfig |-> <<{1, 2, 3, 4, 5}, {}>>, learners |-> {}],
   [jointConfig |-> <<{1, 2, 3, 4, 5}, {}>>, learners |-> {}],
   [jointConfig |-> <<{1, 2, 3, 4, 5}, {}>>, learners |-> {}] >>
/\ votesResponded = <<{1}, {2, 3, 4}, {}, {}, {}>>
/\ reconfigCount = 0
/\ currentTerm = <<3, 2, 2, 3, 1>>
/\ votedFor = <<1, 2, 2, 1, 1>>
/\ pendingMessages = ( [ msource |-> 4,
    mdest |-> 1,
    mtype |-> RequestVoteResponse,
    mterm |-> 3,
    mvoteGranted |-> TRUE ] :>
      1 )
/\ pc = 45
/\ matchIndex = << <<0, 0, 0, 0, 0>>,
   <<0, 0, 0, 0, 0>>,
   <<0, 0, 0, 0, 0>>,
   <<0, 0, 0, 0, 0>>,
   <<0, 0, 0, 0, 0>> >>
/\ commitIndex = <<0, 0, 0, 0, 0>>
/\ pendingConfChangeIndex = <<0, 0, 0, 0, 0>>
/\ durableState = << [ currentTerm |-> 3,
     commitIndex |-> 0,
     log |-> 1,
     votedFor |-> 1,
     config |-> [jointConfig |-> <<{1, 2, 3, 4, 5}, {}>>, learners |-> {}],
     logEntries |->
         <<[term |-> 1, type |-> ValueEntry, value |-> [val |-> 0]]>> ],
   [ currentTerm |-> 2,
     commitIndex |-> 0,
     log |-> 1,
     votedFor |-> 2,
     config |-> [jointConfig |-> <<{1, 2, 3, 4, 5}, {}>>, learners |-> {}],
     logEntries |->
         <<[term |-> 2, type |-> ValueEntry, value |-> [val |-> 0]]>> ],
   [ currentTerm |-> 2,
     commitIndex |-> 0,
     log |-> 0,
     votedFor |-> 2,
     config |-> [jointConfig |-> <<{1, 2, 3, 4, 5}, {}>>, learners |-> {}],
     logEntries |-> <<>> ],
   [ currentTerm |-> 2,
     commitIndex |-> 0,
     log |-> 0,
     votedFor |-> 2,
     config |-> [jointConfig |-> <<{1, 2, 3, 4, 5}, {}>>, learners |-> {}],
     logEntries |-> <<>> ],
   [ currentTerm |-> 1,
     commitIndex |-> 0,
     log |-> 0,
     votedFor |-> 1,
     config |-> [jointConfig |-> <<{1, 2, 3, 4, 5}, {}>>, learners |-> {}],
     logEntries |-> <<>> ] >>
/\ state = <<Candidate, Leader, Follower, Follower, Follower>>
/\ messages = ( [ msource |-> 1,
    mdest |-> 5,
    mtype |-> RequestVoteRequest,
    mterm |-> 3,
    mlastLogTerm |-> 1,
    mlastLogIndex |-> 1 ] :>
      1 )
/\ log = << <<[term |-> 1, type |-> ValueEntry, value |-> [val |-> 0]]>>,
   <<[term |-> 2, type |-> ValueEntry, value |-> [val |-> 0]]>>,
   <<>>,
   <<>>,
   <<>> >>
/\ votesGranted = <<{1}, {2, 3, 4}, {}, {}, {}>>

State 47: <Step line 57, col 6 to line 57, col 23 of module MoreUpToDate>
/\ config = << [jointConfig |-> <<{1, 2, 3, 4, 5}, {}>>, learners |-> {}],
   [jointConfig |-> <<{1, 2, 3, 4, 5}, {}>>, learners |-> {}],
   [jointConfig |-> <<{1, 2, 3, 4, 5}, {}>>, learners |-> {}],
   [jointConfig |-> <<{1, 2, 3, 4, 5}, {}>>, learners |-> {}],
   [jointConfig |-> <<{1, 2, 3, 4, 5}, {}>>, learners |-> {}] >>
/\ votesResponded = <<{1}, {2, 3, 4}, {}, {}, {}>>
/\ reconfigCount = 0
/\ currentTerm = <<3, 2, 2, 3, 1>>
/\ votedFor = <<1, 2, 2, 1, 1>>
/\ pendingMessages = << >>
/\ pc = 46
/\ matchIndex = << <<0, 0, 0, 0, 0>>,
   <<0, 0, 0, 0, 0>>,
   <<0, 0, 0, 0, 0>>,
   <<0, 0, 0, 0, 0>>,
   <<0, 0, 0, 0, 0>> >>
/\ commitIndex = <<0, 0, 0, 0, 0>>
/\ pendingConfChangeIndex = <<0, 0, 0, 0, 0>>
/\ durableState = << [ currentTerm |-> 3,
     commitIndex |-> 0,
     log |-> 1,
     votedFor |-> 1,
     config |-> [jointConfig |-> <<{1, 2, 3, 4, 5}, {}>>, learners |-> {}],
     logEntries |->
         <<[term |-> 1, type |-> ValueEntry, value |-> [val |-> 0]]>> ],
   [ currentTerm |-> 2,
     commitIndex |-> 0,
     log |-> 1,
     votedFor |-> 2,
     config |-> [jointConfig |-> <<{1, 2, 3, 4, 5}, {}>>, learners |-> {}],
     logEntries |->
         <<[term |-> 2, type |-> ValueEntry, value |-> [val |-> 0]]>> ],
   [ currentTerm |-> 2,
     commitIndex |-> 0,
     log |-> 0,
     votedFor |-> 2,
     config |-> [jointConfig |-> <<{1, 2, 3, 4, 5}, {}>>, learners |-> {}],
     logEntries |-> <<>> ],
   [ currentTerm |-> 3,
     commitIndex |-> 0,
     log |-> 0,
     votedFor |-> 1,
     config |-> [jointConfig |-> <<{1, 2, 3, 4, 5}, {}>>, learners |-> {}],
     logEntries |-> <<>> ],
   [ currentTerm |-> 1,
     commitIndex |-> 0,
     log |-> 0,
     votedFor |-> 1,
     config |-> [jointConfig |-> <<{1, 2, 3, 4, 5}, {}>>, learners |-> {}],
     logEntries |-> <<>> ] >>
/\ state = <<Candidate, Leader, Follower, Follower, Follower>>
/\ messages = ( [ msource |-> 4,
    mdest |-> 1,
    mtype |-> RequestVoteResponse,
    mterm |-> 3,
    mvoteGranted |-> TRUE ] :>
      1 @@
  [ msource |-> 1,
    mdest |-> 5,
    mtype |-> RequestVoteRequest,
    mterm |-> 3,
    mlastLogTerm |-> 1,
    mlastLogIndex |-> 1 ] :>
      1 )
/\ log = << <<[term |-> 1, type |-> ValueEntry, value |-> [val |-> 0]]>>,
   <<[term |-> 2, type |-> ValueEntry, value |-> [val |-> 0]]>>,
   <<>>,
   <<>>,
   <<>> >>
/\ votesGranted = <<{1}, {2, 3, 4}, {}, {}, {}>>

State 48: <Step line 58, col 6 to line 58, col 44 of module MoreUpToDate>
/\ config = << [jointConfig |-> <<{1, 2, 3, 4, 5}, {}>>, learners |-> {}],
   [jointConfig |-> <<{1, 2, 3, 4, 5}, {}>>, learners |-> {}],
   [jointConfig |-> <<{1, 2, 3, 4, 5}, {}>>, learners |-> {}],
   [jointConfig |-> <<{1, 2, 3, 4, 5}, {}>>, learners |-> {}],
   [jointConfig |-> <<{1, 2, 3, 4, 5}, {}>>, learners |-> {}] >>
/\ votesResponded = <<{1, 4}, {2, 3, 4}, {}, {}, {}>>
/\ reconfigCount = 0
/\ currentTerm = <<3, 2, 2, 3, 1>>
/\ votedFor = <<1, 2, 2, 1, 1>>
/\ pendingMessages = << >>
/\ pc = 47
/\ matchIndex = << <<0, 0, 0, 0, 0>>,
   <<0, 0, 0, 0, 0>>,
   <<0, 0, 0, 0, 0>>,
   <<0, 0, 0, 0, 0>>,
   <<0, 0, 0, 0, 0>> >>
/\ commitIndex = <<0, 0, 0, 0, 0>>
/\ pendingConfChangeIndex = <<0, 0, 0, 0, 0>>
/\ durableState = << [ currentTerm |-> 3,
     commitIndex |-> 0,
     log |-> 1,
     votedFor |-> 1,
     config |-> [jointConfig |-> <<{1, 2, 3, 4, 5}, {}>>, learners |-> {}],
     logEntries |->
         <<[term |-> 1, type |-> ValueEntry, value |-> [val |-> 0]]>> ],
   [ currentTerm |-> 2,
     commitIndex |-> 0,
     log |-> 1,
     votedFor |-> 2,
     config |-> [jointConfig |-> <<{1, 2, 3, 4, 5}, {}>>, learners |-> {}],
     logEntries |->
         <<[term |-> 2, type |-> ValueEntry, value |-> [val |-> 0]]>> ],
   [ currentTerm |-> 2,
     commitIndex |-> 0,
     log |-> 0,
     votedFor |-> 2,
     config |-> [jointConfig |-> <<{1, 2, 3, 4, 5}, {}>>, learners |-> {}],
     logEntries |-> <<>> ],
   [ currentTerm |-> 3,
     commitIndex |-> 0,
     log |-> 0,
     votedFor |-> 1,
     config |-> [jointConfig |-> <<{1, 2, 3, 4, 5}, {}>>, learners |-> {}],
     logEntries |-> <<>> ],
   [ currentTerm |-> 1,
     commitIndex |-> 0,
     log |-> 0,
     votedFor |-> 1,
     config |-> [jointConfig |-> <<{1, 2, 3, 4, 5}, {}>>, learners |-> {}],
     logEntries |-> <<>> ] >>
/\ state = <<Candidate, Leader, Follower, Follower, Follower>>
/\ messages = ( [ msource |-> 1,
    mdest |-> 5,
    mtype |-> RequestVoteRequest,
    mterm |-> 3,
    mlastLogTerm |-> 1,
    mlastLogIndex |-> 1 ] :>
      1 )
/\ log = << <<[term |-> 1, type |-> ValueEntry, value |-> [val |-> 0]]>>,
   <<[term |-> 2, type |-> ValueEntry, value |-> [val |-> 0]]>>,
   <<>>,
   <<>>,
   <<>> >>
/\ votesGranted = <<{1, 4}, {2, 3, 4}, {}, {}, {}>>

State 49: <Step line 59, col 6 to line 59, col 43 of module MoreUpToDate>
/\ config = << [jointConfig |-> <<{1, 2, 3, 4, 5}, {}>>, learners |-> {}],
   [jointConfig |-> <<{1, 2, 3, 4, 5}, {}>>, learners |-> {}],
   [jointConfig |-> <<{1, 2, 3, 4, 5}, {}>>, learners |-> {}],
   [jointConfig |-> <<{1, 2, 3, 4, 5}, {}>>, learners |-> {}],
   [jointConfig |-> <<{1, 2, 3, 4, 5}, {}>>, learners |-> {}] >>
/\ votesResponded = <<{1, 4}, {2, 3, 4}, {}, {}, {}>>
/\ reconfigCount = 0
/\ currentTerm = <<3, 2, 2, 3, 3>>
/\ votedFor = <<1, 2, 2, 1, Nil>>
/\ pendingMessages = << >>
/\ pc = 48
/\ matchIndex = << <<0, 0, 0, 0, 0>>,
   <<0, 0, 0, 0, 0>>,
   <<0, 0, 0, 0, 0>>,
   <<0, 0, 0, 0, 0>>,
   <<0, 0, 0, 0, 0>> >>
/\ commitIndex = <<0, 0, 0, 0, 0>>
/\ pendingConfChangeIndex = <<0, 0, 0, 0, 0>>
/\ durableState = << [ currentTerm |-> 3,
     commitIndex |-> 0,
     log |-> 1,
     votedFor |-> 1,
     config |-> [jointConfig |-> <<{1, 2, 3, 4, 5}, {}>>, learners |-> {}],
     logEntries |->
         <<[term |-> 1, type |-> ValueEntry, value |-> [val |-> 0]]>> ],
   [ currentTerm |-> 2,
     commitIndex |-> 0,
     log |-> 1,
     votedFor |-> 2,
     config |-> [jointConfig |-> <<{1, 2, 3, 4, 5}, {}>>, learners |-> {}],
     logEntries |->
         <<[term |-> 2, type |-> ValueEntry, value |-> [val |-> 0]]>> ],
   [ currentTerm |-> 2,
     commitIndex |-> 0,
     log |-> 0,
     votedFor |-> 2,
     config |-> [jointConfig |-> <<{1, 2, 3, 4, 5}, {}>>, learners |-> {}],
     logEntries |-> <<>> ],
   [ currentTerm |-> 3,
     commitIndex |-> 0,
     log |-> 0,
     votedFor |-> 1,
     config |-> [jointConfig |-> <<{1, 2, 3, 4, 5}, {}>>, learners |-> {}],
     logEntries |-> <<>> ],
   [ currentTerm |-> 1,
     commitIndex |-> 0,
     log |-> 0,
     votedFor |-> 1,
     config |-> [jointConfig |-> <<{1, 2, 3, 4, 5}, {}>>, learners |-> {}],
     logEntries |-> <<>> ] >>
/\ state = <<Candidate, Leader, Follower, Follower, Follower>>
/\ messages = ( [ msource |-> 1,
    mdest |-> 5,
    mtype |-> RequestVoteRequest,
    mterm |-> 3,
    mlastLogTerm |-> 1,
    mlastLogIndex |-> 1 ] :>
      1 )
/\ log = << <<[term |-> 1, type |-> ValueEntry, value |-> [val |-> 0]]>>,
   <<[term |-> 2, type |-> ValueEntry, value |-> [val |-> 0]]>>,
   <<>>,
   <<>>,
   <<>> >>
/\ votesGranted = <<{1, 4}, {2, 3, 4}, {}, {}, {}>>

State 50: <Step line 60, col 6 to line 60, col 43 of module MoreUpToDate>
/\ config = << [jointConfig |-> <<{1, 2, 3, 4, 5}, {}>>, learners |-> {}],
   [jointConfig |-> <<{1, 2, 3, 4, 5}, {}>>, learners |-> {}],
   [jointConfig |-> <<{1, 2, 3, 4, 5}, {}>>, learners |-> {}],
   [jointConfig |-> <<{1, 2, 3, 4, 5}, {}>>, learners |-> {}],
   [jointConfig |-> <<{1, 2, 3, 4, 5}, {}>>, learners |-> {}] >>
/\ votesResponded = <<{1, 4}, {2, 3, 4}, {}, {}, {}>>
/\ reconfigCount = 0
/\ currentTerm = <<3, 2, 2, 3, 3>>
/\ votedFor = <<1, 2, 2, 1, 1>>
/\ pendingMessages = ( [ msource |-> 5,
    mdest |-> 1,
    mtype |-> RequestVoteResponse,
    mterm |-> 3,
    mvoteGranted |-> TRUE ] :>
      1 )
/\ pc = 49
/\ matchIndex = << <<0, 0, 0, 0, 0>>,
   <<0, 0, 0, 0, 0>>,
   <<0, 0, 0, 0, 0>>,
   <<0, 0, 0, 0, 0>>,
   <<0, 0, 0, 0, 0>> >>
/\ commitIndex = <<0, 0, 0, 0, 0>>
/\ pendingConfChangeIndex = <<0, 0, 0, 0, 0>>
/\ durableState = << [ currentTerm |-> 3,
     commitIndex |-> 0,
     log |-> 1,
     votedFor |-> 1,
     config |-> [jointConfig |-> <<{1, 2, 3, 4, 5}, {}>>, learners |-> {}],
     logEntries |->
         <<[term |-> 1, type |-> ValueEntry, value |-> [val |-> 0]]>> ],
   [ currentTerm |-> 2,
     commitIndex |-> 0,
     log |-> 1,
     votedFor |-> 2,
     config |-> [jointConfig |-> <<{1, 2, 3, 4, 5}, {}>>, learners |-> {}],
     logEntries |->
         <<[term |-> 2, type |-> ValueEntry, value |-> [val |-> 0]]>> ],
   [ currentTerm |-> 2,
     commitIndex |-> 0,
     log |-> 0,
     votedFor |-> 2,
     config |-> [jointConfig |-> <<{1, 2, 3, 4, 5}, {}>>, learners |-> {}],
     logEntries |-> <<>> ],
   [ currentTerm |-> 3,
     commitIndex |-> 0,
     log |-> 0,
     votedFor |-> 1,
     config |-> [jointConfig |-> <<{1, 2, 3, 4, 5}, {}>>, learners |-> {}],
     logEntries |-> <<>> ],
   [ currentTerm |-> 1,
     commitIndex |-> 0,
     log |-> 0,
     votedFor |-> 1,
     config |-> [jointConfig |-> <<{1, 2, 3, 4, 5}, {}>>, learners |-> {}],
     logEntries |-> <<>> ] >>
/\ state = <<Candidate, Leader, Follower, Follower, Follower>>
/\ messages = << >>
/\ log = << <<[term |-> 1, type |-> ValueEntry, value |-> [val |-> 0]]>>,
   <<[term |-> 2, type |-> ValueEntry, value |-> [val |-> 0]]>>,
   <<>>,
   <<>>,
   <<>> >>
/\ votesGranted = <<{1, 4}, {2, 3, 4}, {}, {}, {}>>

State 51: <Step line 61, col 6 to line 61, col 23 of module MoreUpToDate>
/\ config = << [jointConfig |-> <<{1, 2, 3, 4, 5}, {}>>, learners |-> {}],
   [jointConfig |-> <<{1, 2, 3, 4, 5}, {}>>, learners |-> {}],
   [jointConfig |-> <<{1, 2, 3, 4, 5}, {}>>, learners |-> {}],
   [jointConfig |-> <<{1, 2, 3, 4, 5}, {}>>, learners |-> {}],
   [jointConfig |-> <<{1, 2, 3, 4, 5}, {}>>, learners |-> {}] >>
/\ votesResponded = <<{1, 4}, {2, 3, 4}, {}, {}, {}>>
/\ reconfigCount = 0
/\ currentTerm = <<3, 2, 2, 3, 3>>
/\ votedFor = <<1, 2, 2, 1, 1>>
/\ pendingMessages = << >>
/\ pc = 50
/\ matchIndex = << <<0, 0, 0, 0, 0>>,
   <<0, 0, 0, 0, 0>>,
   <<0, 0, 0, 0, 0>>,
   <<0, 0, 0, 0, 0>>,
   <<0, 0, 0, 0, 0>> >>
/\ commitIndex = <<0, 0, 0, 0, 0>>
/\ pendingConfChangeIndex = <<0, 0, 0, 0, 0>>
/\ durableState = << [ currentTerm |-> 3,
     commitIndex |-> 0,
     log |-> 1,
     votedFor |-> 1,
     config |-> [jointConfig |-> <<{1, 2, 3, 4, 5}, {}>>, learners |-> {}],
     logEntries |->
         <<[term |-> 1, type |-> ValueEntry, value |-> [val |-> 0]]>> ],
   [ currentTerm |-> 2,
     commitIndex |-> 0,
     log |-> 1,
     votedFor |-> 2,
     config |-> [jointConfig |-> <<{1, 2, 3, 4, 5}, {}>>, learners |-> {}],
     logEntries |->
         <<[term |-> 2, type |-> ValueEntry, value |-> [val |-> 0]]>> ],
   [ currentTerm |-> 2,
     commitIndex |-> 0,
     log |-> 0,
     votedFor |-> 2,
     config |-> [jointConfig |-> <<{1, 2, 3, 4, 5}, {}>>, learners |-> {}],
     logEntries |-> <<>> ],
   [ currentTerm |-> 3,
     commitIndex |-> 0,
     log |-> 0,
     votedFor |-> 1,
     config |-> [jointConfig |-> <<{1, 2, 3, 4, 5}, {}>>, learners |-> {}],
     logEntries |-> <<>> ],
   [ currentTerm |-> 3,
     commitIndex |-> 0,
     log |-> 0,
     votedFor |-> 1,
     config |-> [jointConfig |-> <<{1, 2, 3, 4, 5}, {}>>, learners |-> {}],
     logEntries |-> <<>> ] >>
/\ state = <<Candidate, Leader, Follower, Follower, Follower>>
/\ messages = ( [ msource |-> 5,
    mdest |-> 1,
    mtype |-> RequestVoteResponse,
    mterm |-> 3,
    mvoteGranted |-> TRUE ] :>
      1 )
/\ log = << <<[term |-> 1, type |-> ValueEntry, value |-> [val |-> 0]]>>,
   <<[term |-> 2, type |-> ValueEntry, value |-> [val |-> 0]]>>,
   <<>>,
   <<>>,
   <<>> >>
/\ votesGranted = <<{1, 4}, {2, 3, 4}, {}, {}, {}>>

State 52: <Step line 62, col 6 to line 62, col 44 of module MoreUpToDate>
/\ config = << [jointConfig |-> <<{1, 2, 3, 4, 5}, {}>>, learners |-> {}],
   [jointConfig |-> <<{1, 2, 3, 4, 5}, {}>>, learners |-> {}],
   [jointConfig |-> <<{1, 2, 3, 4, 5}, {}>>, learners |-> {}],
   [jointConfig |-> <<{1, 2, 3, 4, 5}, {}>>, learners |-> {}],
   [jointConfig |-> <<{1, 2, 3, 4, 5}, {}>>, learners |-> {}] >>
/\ votesResponded = <<{1, 4, 5}, {2, 3, 4}, {}, {}, {}>>
/\ reconfigCount = 0
/\ currentTerm = <<3, 2, 2, 3, 3>>
/\ votedFor = <<1, 2, 2, 1, 1>>
/\ pendingMessages = << >>
/\ pc = 51
/\ matchIndex = << <<0, 0, 0, 0, 0>>,
   <<0, 0, 0, 0, 0>>,
   <<0, 0, 0, 0, 0>>,
   <<0, 0, 0, 0, 0>>,
   <<0, 0, 0, 0, 0>> >>
/\ commitIndex = <<0, 0, 0, 0, 0>>
/\ pendingConfChangeIndex = <<0, 0, 0, 0, 0>>
/\ durableState = << [ currentTerm |-> 3,
     commitIndex |-> 0,
     log |-> 1,
     votedFor |-> 1,
     config |-> [jointConfig |-> <<{1, 2, 3, 4, 5}, {}>>, learners |-> {}],
     logEntries |->
         <<[term |-> 1, type |-> ValueEntry, value |-> [val |-> 0]]>> ],
   [ currentTerm |-> 2,
     commitIndex |-> 0,
     log |-> 1,
     votedFor |-> 2,
     config |-> [jointConfig |-> <<{1, 2, 3, 4, 5}, {}>>, learners |-> {}],
     logEntries |->
         <<[term |-> 2, type |-> ValueEntry, value |-> [val |-> 0]]>> ],
   [ currentTerm |-> 2,
     commitIndex |-> 0,
     log |-> 0,
     votedFor |-> 2,
     config |-> [jointConfig |-> <<{1, 2, 3, 4, 5}, {}>>, learners |-> {}],
     logEntries |-> <<>> ],
   [ currentTerm |-> 3,
     commitIndex |-> 0,
     log |-> 0,
     votedFor |-> 1,
     config |-> [jointConfig |-> <<{1, 2, 3, 4, 5}, {}>>, learners |-> {}],
     logEntries |-> <<>> ],
   [ currentTerm |-> 3,
     commitIndex |-> 0,
     log |-> 0,
     votedFor |-> 1,
     config |-> [jointConfig |-> <<{1, 2, 3, 4, 5}, {}>>, learners |-> {}],
     logEntries |-> <<>> ] >>
/\ state = <<Candidate, Leader, Follower, Follower, Follower>>
/\ messages = << >>
/\ log = << <<[term |-> 1, type |-> ValueEntry, value |-> [val |-> 0]]>>,
   <<[term |-> 2, type |-> ValueEntry, value |-> [val |-> 0]]>>,
   <<>>,
   <<>>,
   <<>> >>
/\ votesGranted = <<{1, 4, 5}, {2, 3, 4}, {}, {}, {}>>

State 53: <Step line 63, col 6 to line 63, col 30 of module MoreUpToDate>
/\ config = << [jointConfig |-> <<{1, 2, 3, 4, 5}, {}>>, learners |-> {}],
   [jointConfig |-> <<{1, 2, 3, 4, 5}, {}>>, learners |-> {}],
   [jointConfig |-> <<{1, 2, 3, 4, 5}, {}>>, learners |-> {}],
   [jointConfig |-> <<{1, 2, 3, 4, 5}, {}>>, learners |-> {}],
   [jointConfig |-> <<{1, 2, 3, 4, 5}, {}>>, learners |-> {}] >>
/\ votesResponded = <<{1, 4, 5}, {2, 3, 4}, {}, {}, {}>>
/\ reconfigCount = 0
/\ currentTerm = <<3, 2, 2, 3, 3>>
/\ votedFor = <<1, 2, 2, 1, 1>>
/\ pendingMessages = << >>
/\ pc = 52
/\ matchIndex = << <<1, 0, 0, 0, 0>>,
   <<0, 0, 0, 0, 0>>,
   <<0, 0, 0, 0, 0>>,
   <<0, 0, 0, 0, 0>>,
   <<0, 0, 0, 0, 0>> >>
/\ commitIndex = <<0, 0, 0, 0, 0>>
/\ pendingConfChangeIndex = <<0, 0, 0, 0, 0>>
/\ durableState = << [ currentTerm |-> 3,
     commitIndex |-> 0,
     log |-> 1,
     votedFor |-> 1,
     config |-> [jointConfig |-> <<{1, 2, 3, 4, 5}, {}>>, learners |-> {}],
     logEntries |->
         <<[term |-> 1, type |-> ValueEntry, value |-> [val |-> 0]]>> ],
   [ currentTerm |-> 2,
     commitIndex |-> 0,
     log |-> 1,
     votedFor |-> 2,
     config |-> [jointConfig |-> <<{1, 2, 3, 4, 5}, {}>>, learners |-> {}],
     logEntries |->
         <<[term |-> 2, type |-> ValueEntry, value |-> [val |-> 0]]>> ],
   [ currentTerm |-> 2,
     commitIndex |-> 0,
     log |-> 0,
     votedFor |-> 2,
     config |-> [jointConfig |-> <<{1, 2, 3, 4, 5}, {}>>, learners |-> {}],
     logEntries |-> <<>> ],
   [ currentTerm |-> 3,
     commitIndex |-> 0,
     log |-> 0,
     votedFor |-> 1,
     config |-> [jointConfig |-> <<{1, 2, 3, 4, 5}, {}>>, learners |-> {}],
     logEntries |-> <<>> ],
   [ currentTerm |-> 3,
     commitIndex |-> 0,
     log |-> 0,
     votedFor |-> 1,
     config |-> [jointConfig |-> <<{1, 2, 3, 4, 5}, {}>>, learners |-> {}],
     logEntries |-> <<>> ] >>
/\ state = <<Leader, Leader, Follower, Follower, Follower>>
/\ messages = << >>
/\ log = << <<[term |-> 1, type |-> ValueEntry, value |-> [val |-> 0]]>>,
   <<[term |-> 2, type |-> ValueEntry, value |-> [val |-> 0]]>>,
   <<>>,
   <<>>,
   <<>> >>
/\ votesGranted = <<{1, 4, 5}, {2, 3, 4}, {}, {}, {}>>

State 54: <Step line 64, col 6 to line 64, col 33 of module MoreUpToDate>
/\ config = << [jointConfig |-> <<{1, 2, 3, 4, 5}, {}>>, learners |-> {}],
   [jointConfig |-> <<{1, 2, 3, 4, 5}, {}>>, learners |-> {}],
   [jointConfig |-> <<{1, 2, 3, 4, 5}, {}>>, learners |-> {}],
   [jointConfig |-> <<{1, 2, 3, 4, 5}, {}>>, learners |-> {}],
   [jointConfig |-> <<{1, 2, 3, 4, 5}, {}>>, learners |-> {}] >>
/\ votesResponded = <<{1, 4, 5}, {2, 3, 4}, {}, {}, {}>>
/\ reconfigCount = 0
/\ currentTerm = <<3, 2, 2, 3, 3>>
/\ votedFor = <<1, 2, 2, 1, 1>>
/\ pendingMessages = << >>
/\ pc = 53
/\ matchIndex = << <<1, 0, 0, 0, 0>>,
   <<0, 0, 0, 0, 0>>,
   <<0, 0, 0, 0, 0>>,
   <<0, 0, 0, 0, 0>>,
   <<0, 0, 0, 0, 0>> >>
/\ commitIndex = <<0, 0, 0, 0, 0>>
/\ pendingConfChangeIndex = <<0, 0, 0, 0, 0>>
/\ durableState = << [ currentTerm |-> 3,
     commitIndex |-> 0,
     log |-> 1,
     votedFor |-> 1,
     config |-> [jointConfig |-> <<{1, 2, 3, 4, 5}, {}>>, learners |-> {}],
     logEntries |->
         <<[term |-> 1, type |-> ValueEntry, value |-> [val |-> 0]]>> ],
   [ currentTerm |-> 2,
     commitIndex |-> 0,
     log |-> 1,
     votedFor |-> 2,
     config |-> [jointConfig |-> <<{1, 2, 3, 4, 5}, {}>>, learners |-> {}],
     logEntries |->
         <<[term |-> 2, type |-> ValueEntry, value |-> [val |-> 0]]>> ],
   [ currentTerm |-> 2,
     commitIndex |-> 0,
     log |-> 0,
     votedFor |-> 2,
     config |-> [jointConfig |-> <<{1, 2, 3, 4, 5}, {}>>, learners |-> {}],
     logEntries |-> <<>> ],
   [ currentTerm |-> 3,
     commitIndex |-> 0,
     log |-> 0,
     votedFor |-> 1,
     config |-> [jointConfig |-> <<{1, 2, 3, 4, 5}, {}>>, learners |-> {}],
     logEntries |-> <<>> ],
   [ currentTerm |-> 3,
     commitIndex |-> 0,
     log |-> 0,
     votedFor |-> 1,
     config |-> [jointConfig |-> <<{1, 2, 3, 4, 5}, {}>>, learners |-> {}],
     logEntries |-> <<>> ] >>
/\ state = <<Leader, Leader, Follower, Follower, Follower>>
/\ messages = << >>
/\ log = << << [term |-> 1, type |-> ValueEntry, value |-> [val |-> 0]],
      [term |-> 3, type |-> ValueEntry, value |-> [val |-> 0]] >>,
   <<[term |-> 2, type |-> ValueEntry, value |-> [val |-> 0]]>>,
   <<>>,
   <<>>,
   <<>> >>
/\ votesGranted = <<{1, 4, 5}, {2, 3, 4}, {}, {}, {}>>

State 55: <Step line 65, col 6 to line 65, col 37 of module MoreUpToDate>
/\ config = << [jointConfig |-> <<{1, 2, 3, 4, 5}, {}>>, learners |-> {}],
   [jointConfig |-> <<{1, 2, 3, 4, 5}, {}>>, learners |-> {}],
   [jointConfig |-> <<{1, 2, 3, 4, 5}, {}>>, learners |-> {}],
   [jointConfig |-> <<{1, 2, 3, 4, 5}, {}>>, learners |-> {}],
   [jointConfig |-> <<{1, 2, 3, 4, 5}, {}>>, learners |-> {}] >>
/\ votesResponded = <<{1, 4, 5}, {2, 3, 4}, {}, {}, {}>>
/\ reconfigCount = 0
/\ currentTerm = <<3, 2, 2, 3, 3>>
/\ votedFor = <<1, 2, 2, 1, 1>>
/\ pendingMessages = ( [ msource |-> 1,
    mdest |-> 1,
    mtype |-> AppendEntriesResponse,
    mterm |-> 3,
    msubtype |-> "app",
    msuccess |-> TRUE,
    mmatchIndex |-> 2 ] :>
      1 )
/\ pc = 54
/\ matchIndex = << <<1, 0, 0, 0, 0>>,
   <<0, 0, 0, 0, 0>>,
   <<0, 0, 0, 0, 0>>,
   <<0, 0, 0, 0, 0>>,
   <<0, 0, 0, 0, 0>> >>
/\ commitIndex = <<0, 0, 0, 0, 0>>
/\ pendingConfChangeIndex = <<0, 0, 0, 0, 0>>
/\ durableState = << [ currentTerm |-> 3,
     commitIndex |-> 0,
     log |-> 1,
     votedFor |-> 1,
     config |-> [jointConfig |-> <<{1, 2, 3, 4, 5}, {}>>, learners |-> {}],
     logEntries |->
         <<[term |-> 1, type |-> ValueEntry, value |-> [val |-> 0]]>> ],
   [ currentTerm |-> 2,
     commitIndex |-> 0,
     log |-> 1,
     votedFor |-> 2,
     config |-> [jointConfig |-> <<{1, 2, 3, 4, 5}, {}>>, learners |-> {}],
     logEntries |->
         <<[term |-> 2, type |-> ValueEntry, value |-> [val |-> 0]]>> ],
   [ currentTerm |-> 2,
     commitIndex |-> 0,
     log |-> 0,
     votedFor |-> 2,
     config |-> [jointConfig |-> <<{1, 2, 3, 4, 5}, {}>>, learners |-> {}],
     logEntries |-> <<>> ],
   [ currentTerm |-> 3,
     commitIndex |-> 0,
     log |-> 0,
     votedFor |-> 1,
     config |-> [jointConfig |-> <<{1, 2, 3, 4, 5}, {}>>, learners |-> {}],
     logEntries |-> <<>> ],
   [ currentTerm |-> 3,
     commitIndex |-> 0,
     log |-> 0,
     votedFor |-> 1,
     config |-> [jointConfig |-> <<{1, 2, 3, 4, 5}, {}>>, learners |-> {}],
     logEntries |-> <<>> ] >>
/\ state = <<Leader, Leader, Follower, Follower, Follower>>
/\ messages = << >>
/\ log = << << [term |-> 1, type |-> ValueEntry, value |-> [val |-> 0]],
      [term |-> 3, type |-> ValueEntry, value |-> [val |-> 0]] >>,
   <<[term |-> 2, type |-> ValueEntry, value |-> [val |-> 0]]>>,
   <<>>,
   <<>>,
   <<>> >>
/\ votesGranted = <<{1, 4, 5}, {2, 3, 4}, {}, {}, {}>>

State 56: <Step line 66, col 6 to line 66, col 41 of module MoreUpToDate>
/\ config = << [jointConfig |-> <<{1, 2, 3, 4, 5}, {}>>, learners |-> {}],
   [jointConfig |-> <<{1, 2, 3, 4, 5}, {}>>, learners |-> {}],
   [jointConfig |-> <<{1, 2, 3, 4, 5}, {}>>, learners |-> {}],
   [jointConfig |-> <<{1, 2, 3, 4, 5}, {}>>, learners |-> {}],
   [jointConfig |-> <<{1, 2, 3, 4, 5}, {}>>, learners |-> {}] >>
/\ votesResponded = <<{1, 4, 5}, {2, 3, 4}, {}, {}, {}>>
/\ reconfigCount = 0
/\ currentTerm = <<3, 2, 2, 3, 3>>
/\ votedFor = <<1, 2, 2, 1, 1>>
/\ pendingMessages = ( [ msource |-> 1,
    mdest |-> 1,
    mtype |-> AppendEntriesResponse,
    mterm |-> 3,
    msubtype |-> "app",
    msuccess |-> TRUE,
    mmatchIndex |-> 2 ] :>
      1 @@
  [ msource |-> 1,
    mdest |-> 4,
    mtype |-> AppendEntriesRequest,
    mterm |-> 3,
    msubtype |-> "app",
    mprevLogIndex |-> 0,
    mprevLogTerm |-> 0,
    mentries |->
        << [term |-> 1, type |-> ValueEntry, value |-> [val |-> 0]],
           [term |-> 3, type |-> ValueEntry, value |-> [val |-> 0]] >>,
    mcommitIndex |-> 0 ] :>
      1 )
/\ pc = 55
/\ matchIndex = << <<1, 0, 0, 0, 0>>,
   <<0, 0, 0, 0, 0>>,
   <<0, 0, 0, 0, 0>>,
   <<0, 0, 0, 0, 0>>,
   <<0, 0, 0, 0, 0>> >>
/\ commitIndex = <<0, 0, 0, 0, 0>>
/\ pendingConfChangeIndex = <<0, 0, 0, 0, 0>>
/\ durableState = << [ currentTerm |-> 3,
     commitIndex |-> 0,
     log |-> 1,
     votedFor |-> 1,
     config |-> [jointConfig |-> <<{1, 2, 3, 4, 5}, {}>>, learners |-> {}],
     logEntries |->
         <<[term |-> 1, type |-> ValueEntry, value |-> [val |-> 0]]>> ],
   [ currentTerm |-> 2,
     commitIndex |-> 0,
     log |-> 1,
     votedFor |-> 2,
     config |-> [jointConfig |-> <<{1, 2, 3, 4, 5}, {}>>, learners |-> {}],
     logEntries |->
         <<[term |-> 2, type |-> ValueEntry, value |-> [val |-> 0]]>> ],
   [ currentTerm |-> 2,
     commitIndex |-> 0,
     log |-> 0,
     votedFor |-> 2,
     config |-> [jointConfig |-> <<{1, 2, 3, 4, 5}, {}>>, learners |-> {}],
     logEntries |-> <<>> ],
   [ currentTerm |-> 3,
     commitIndex |-> 0,
     log |-> 0,
     votedFor |-> 1,
     config |-> [jointConfig |-> <<{1, 2, 3, 4, 5}, {}>>, learners |-> {}],
     logEntries |-> <<>> ],
   [ currentTerm |-> 3,
     commitIndex |-> 0,
     log |-> 0,
     votedFor |-> 1,
     config |-> [jointConfig |-> <<{1, 2, 3, 4, 5}, {}>>, learners |-> {}],
     logEntries |-> <<>> ] >>
/\ state = <<Leader, Leader, Follower, Follower, Follower>>
/\ messages = << >>
/\ log = << << [term |-> 1, type |-> ValueEntry, value |-> [val |-> 0]],
      [term |-> 3, type |-> ValueEntry, value |-> [val |-> 0]] >>,
   <<[term |-> 2, type |-> ValueEntry, value |-> [val |-> 0]]>>,
   <<>>,
   <<>>,
   <<>> >>
/\ votesGranted = <<{1, 4, 5}, {2, 3, 4}, {}, {}, {}>>

State 57: <Step line 67, col 6 to line 67, col 41 of module MoreUpToDate>
/\ config = << [jointConfig |-> <<{1, 2, 3, 4, 5}, {}>>, learners |-> {}],
   [jointConfig |-> <<{1, 2, 3, 4, 5}, {}>>, learners |-> {}],
   [jointConfig |-> <<{1, 2, 3, 4, 5}, {}>>, learners |-> {}],
   [jointConfig |-> <<{1, 2, 3, 4, 5}, {}>>, learners |-> {}],
   [jointConfig |-> <<{1, 2, 3, 4, 5}, {}>>, learners |-> {}] >>
/\ votesResponded = <<{1, 4, 5}, {2, 3, 4}, {}, {}, {}>>
/\ reconfigCount = 0
/\ currentTerm = <<3, 2, 2, 3, 3>>
/\ votedFor = <<1, 2, 2, 1, 1>>
/\ pendingMessages = ( [ msource |-> 1,
    mdest |-> 1,
    mtype |-> AppendEntriesResponse,
    mterm |-> 3,
    msubtype |-> "app",
    msuccess |-> TRUE,
    mmatchIndex |-> 2 ] :>
      1 @@
  [ msource |-> 1,
    mdest |-> 4,
    mtype |-> AppendEntriesRequest,
    mterm |-> 3,
    msubtype |-> "app",
    mprevLogIndex |-> 0,
    mprevLogTerm |-> 0,
    mentries |->
        << [term |-> 1, type |-> ValueEntry, value |-> [val |-> 0]],
           [term |-> 3, type |-> ValueEntry, value |-> [val |-> 0]] >>,
    mcommitIndex |-> 0 ] :>
      1 @@
  [ msource |-> 1,
    mdest |-> 5,
    mtype |-> AppendEntriesRequest,
    mterm |-> 3,
    msubtype |-> "app",
    mprevLogIndex |-> 0,
    mprevLogTerm |-> 0,
    mentries |->
        << [term |-> 1, type |-> ValueEntry, value |-> [val |-> 0]],
           [term |-> 3, type |-> ValueEntry, value |-> [val |-> 0]] >>,
    mcommitIndex |-> 0 ] :>
      1 )
/\ pc = 56
/\ matchIndex = << <<1, 0, 0, 0, 0>>,
   <<0, 0, 0, 0, 0>>,
   <<0, 0, 0, 0, 0>>,
   <<0, 0, 0, 0, 0>>,
   <<0, 0, 0, 0, 0>> >>
/\ commitIndex = <<0, 0, 0, 0, 0>>
/\ pendingConfChangeIndex = <<0, 0, 0, 0, 0>>
/\ durableState = << [ currentTerm |-> 3,
     commitIndex |-> 0,
     log |-> 1,
     votedFor |-> 1,
     config |-> [jointConfig |-> <<{1, 2, 3, 4, 5}, {}>>, learners |-> {}],
     logEntries |->
         <<[term |-> 1, type |-> ValueEntry, value |-> [val |-> 0]]>> ],
   [ currentTerm |-> 2,
     commitIndex |-> 0,
     log |-> 1,
     votedFor |-> 2,
     config |-> [jointConfig |-> <<{1, 2, 3, 4, 5}, {}>>, learners |-> {}],
     logEntries |->
         <<[term |-> 2, type |-> ValueEntry, value |-> [val |-> 0]]>> ],
   [ currentTerm |-> 2,
     commitIndex |-> 0,
     log |-> 0,
     votedFor |-> 2,
     config |-> [jointConfig |-> <<{1, 2, 3, 4, 5}, {}>>, learners |-> {}],
     logEntries |-> <<>> ],
   [ currentTerm |-> 3,
     commitIndex |-> 0,
     log |-> 0,
     votedFor |-> 1,
     config |-> [jointConfig |-> <<{1, 2, 3, 4, 5}, {}>>, learners |-> {}],
     logEntries |-> <<>> ],
   [ currentTerm |-> 3,
     commitIndex |-> 0,
     log |-> 0,
     votedFor |-> 1,
     config |-> [jointConfig |-> <<{1, 2, 3, 4, 5}, {}>>, learners |-> {}],
     logEntries |-> <<>> ] >>
/\ state = <<Leader, Leader, Follower, Follower, Follower>>
/\ messages = << >>
/\ log = << << [term |-> 1, type |-> ValueEntry, value |-> [val |-> 0]],
      [term |-> 3, type |-> ValueEntry, value |-> [val |-> 0]] >>,
   <<[term |-> 2, type |-> ValueEntry, value |-> [val |-> 0]]>>,
   <<>>,
   <<>>,
   <<>> >>
/\ votesGranted = <<{1, 4, 5}, {2, 3, 4}, {}, {}, {}>>

State 58: <Step line 68, col 6 to line 68, col 23 of module MoreUpToDate>
/\ config = << [jointConfig |-> <<{1, 2, 3, 4, 5}, {}>>, learners |-> {}],
   [jointConfig |-> <<{1, 2, 3, 4, 5}, {}>>, learners |-> {}],
   [jointConfig |-> <<{1, 2, 3, 4, 5}, {}>>, learners |-> {}],
   [jointConfig |-> <<{1, 2, 3, 4, 5}, {}>>, learners |-> {}],
   [jointConfig |-> <<{1, 2, 3, 4, 5}, {}>>, learners |-> {}] >>
/\ votesResponded = <<{1, 4, 5}, {2, 3, 4}, {}, {}, {}>>
/\ reconfigCount = 0
/\ currentTerm = <<3, 2, 2, 3, 3>>
/\ votedFor = <<1, 2, 2, 1, 1>>
/\ pendingMessages = << >>
/\ pc = 57
/\ matchIndex = << <<1, 0, 0, 0, 0>>,
   <<0, 0, 0, 0, 0>>,
   <<0, 0, 0, 0, 0>>,
   <<0, 0, 0, 0, 0>>,
   <<0, 0, 0, 0, 0>> >>
/\ commitIndex = <<0, 0, 0, 0, 0>>
/\ pendingConfChangeIndex = <<0, 0, 0, 0, 0>>
/\ durableState = << [ currentTerm |-> 3,
     commitIndex |-> 0,
     log |-> 2,
     votedFor |-> 1,
     config |-> [jointConfig |-> <<{1, 2, 3, 4, 5}, {}>>, learners |-> {}],
     logEntries |->
         << [term |-> 1, type |-> ValueEntry, value |-> [val |-> 0]],
            [term |-> 3, type |-> ValueEntry, value |-> [val |-> 0]] >> ],
   [ currentTerm |-> 2,
     commitIndex |-> 0,
     log |-> 1,
     votedFor |-> 2,
     config |-> [jointConfig |-> <<{1, 2, 3, 4, 5}, {}>>, learners |-> {}],
     logEntries |->
         <<[term |-> 2, type |-> ValueEntry, value |-> [val |-> 0]]>> ],
   [ currentTerm |-> 2,
     commitIndex |-> 0,
     log |-> 0,
     votedFor |-> 2,
     config |-> [jointConfig |-> <<{1, 2, 3, 4, 5}, {}>>, learners |-> {}],
     logEntries |-> <<>> ],
   [ currentTerm |-> 3,
     commitIndex |-> 0,
     log |-> 0,
     votedFor |-> 1,
     config |-> [jointConfig |-> <<{1, 2, 3, 4, 5}, {}>>, learners |-> {}],
     logEntries |-> <<>> ],
   [ currentTerm |-> 3,
     commitIndex |-> 0,
     log |-> 0,
     votedFor |-> 1,
     config |-> [jointConfig |-> <<{1, 2, 3, 4, 5}, {}>>, learners |-> {}],
     logEntries |-> <<>> ] >>
/\ state = <<Leader, Leader, Follower, Follower, Follower>>
/\ messages = ( [ msource |-> 1,
    mdest |-> 1,
    mtype |-> AppendEntriesResponse,
    mterm |-> 3,
    msubtype |-> "app",
    msuccess |-> TRUE,
    mmatchIndex |-> 2 ] :>
      1 @@
  [ msource |-> 1,
    mdest |-> 4,
    mtype |-> AppendEntriesRequest,
    mterm |-> 3,
    msubtype |-> "app",
    mprevLogIndex |-> 0,
    mprevLogTerm |-> 0,
    mentries |->
        << [term |-> 1, type |-> ValueEntry, value |-> [val |-> 0]],
           [term |-> 3, type |-> ValueEntry, value |-> [val |-> 0]] >>,
    mcommitIndex |-> 0 ] :>
      1 @@
  [ msource |-> 1,
    mdest |-> 5,
    mtype |-> AppendEntriesRequest,
    mterm |-> 3,
    msubtype |-> "app",
    mprevLogIndex |-> 0,
    mprevLogTerm |-> 0,
    mentries |->
        << [term |-> 1, type |-> ValueEntry, value |-> [val |-> 0]],
           [term |-> 3, type |-> ValueEntry, value |-> [val |-> 0]] >>,
    mcommitIndex |-> 0 ] :>
      1 )
/\ log = << << [term |-> 1, type |-> ValueEntry, value |-> [val |-> 0]],
      [term |-> 3, type |-> ValueEntry, value |-> [val |-> 0]] >>,
   <<[term |-> 2, type |-> ValueEntry, value |-> [val |-> 0]]>>,
   <<>>,
   <<>>,
   <<>> >>
/\ votesGranted = <<{1, 4, 5}, {2, 3, 4}, {}, {}, {}>>

State 59: <Step line 69, col 6 to line 69, col 46 of module MoreUpToDate>
/\ config = << [jointConfig |-> <<{1, 2, 3, 4, 5}, {}>>, learners |-> {}],
   [jointConfig |-> <<{1, 2, 3, 4, 5}, {}>>, learners |-> {}],
   [jointConfig |-> <<{1, 2, 3, 4, 5}, {}>>, learners |-> {}],
   [jointConfig |-> <<{1, 2, 3, 4, 5}, {}>>, learners |-> {}],
   [jointConfig |-> <<{1, 2, 3, 4, 5}, {}>>, learners |-> {}] >>
/\ votesResponded = <<{1, 4, 5}, {2, 3, 4}, {}, {}, {}>>
/\ reconfigCount = 0
/\ currentTerm = <<3, 2, 2, 3, 3>>
/\ votedFor = <<1, 2, 2, 1, 1>>
/\ pendingMessages = << >>
/\ pc = 58
/\ matchIndex = << <<2, 0, 0, 0, 0>>,
   <<0, 0, 0, 0, 0>>,
   <<0, 0, 0, 0, 0>>,
   <<0, 0, 0, 0, 0>>,
   <<0, 0, 0, 0, 0>> >>
/\ commitIndex = <<0, 0, 0, 0, 0>>
/\ pendingConfChangeIndex = <<0, 0, 0, 0, 0>>
/\ durableState = << [ currentTerm |-> 3,
     commitIndex |-> 0,
     log |-> 2,
     votedFor |-> 1,
     config |-> [jointConfig |-> <<{1, 2, 3, 4, 5}, {}>>, learners |-> {}],
     logEntries |->
         << [term |-> 1, type |-> ValueEntry, value |-> [val |-> 0]],
            [term |-> 3, type |-> ValueEntry, value |-> [val |-> 0]] >> ],
   [ currentTerm |-> 2,
     commitIndex |-> 0,
     log |-> 1,
     votedFor |-> 2,
     config |-> [jointConfig |-> <<{1, 2, 3, 4, 5}, {}>>, learners |-> {}],
     logEntries |->
         <<[term |-> 2, type |-> ValueEntry, value |-> [val |-> 0]]>> ],
   [ currentTerm |-> 2,
     commitIndex |-> 0,
     log |-> 0,
     votedFor |-> 2,
     config |-> [jointConfig |-> <<{1, 2, 3, 4, 5}, {}>>, learners |-> {}],
     logEntries |-> <<>> ],
   [ currentTerm |-> 3,
     commitIndex |-> 0,
     log |-> 0,
     votedFor |-> 1,
     config |-> [jointConfig |-> <<{1, 2, 3, 4, 5}, {}>>, learners |-> {}],
     logEntries |-> <<>> ],
   [ currentTerm |-> 3,
     commitIndex |-> 0,
     log |-> 0,
     votedFor |-> 1,
     config |-> [jointConfig |-> <<{1, 2, 3, 4, 5}, {}>>, learners |-> {}],
     logEntries |-> <<>> ] >>
/\ state = <<Leader, Leader, Follower, Follower, Follower>>
/\ messages = ( [ msource |-> 1,
    mdest |-> 4,
    mtype |-> AppendEntriesRequest,
    mterm |-> 3,
    msubtype |-> "app",
    mprevLogIndex |-> 0,
    mprevLogTerm |-> 0,
    mentries |->
        << [term |-> 1, type |-> ValueEntry, value |-> [val |-> 0]],
           [term |-> 3, type |-> ValueEntry, value |-> [val |-> 0]] >>,
    mcommitIndex |-> 0 ] :>
      1 @@
  [ msource |-> 1,
    mdest |-> 5,
    mtype |-> AppendEntriesRequest,
    mterm |-> 3,
    msubtype |-> "app",
    mprevLogIndex |-> 0,
    mprevLogTerm |-> 0,
    mentries |->
        << [term |-> 1, type |-> ValueEntry, value |-> [val |-> 0]],
           [term |-> 3, type |-> ValueEntry, value |-> [val |-> 0]] >>,
    mcommitIndex |-> 0 ] :>
      1 )
/\ log = << << [term |-> 1, type |-> ValueEntry, value |-> [val |-> 0]],
      [term |-> 3, type |-> ValueEntry, value |-> [val |-> 0]] >>,
   <<[term |-> 2, type |-> ValueEntry, value |-> [val |-> 0]]>>,
   <<>>,
   <<>>,
   <<>> >>
/\ votesGranted = <<{1, 4, 5}, {2, 3, 4}, {}, {}, {}>>

State 60: <Step line 70, col 6 to line 70, col 45 of module MoreUpToDate>
/\ config = << [jointConfig |-> <<{1, 2, 3, 4, 5}, {}>>, learners |-> {}],
   [jointConfig |-> <<{1, 2, 3, 4, 5}, {}>>, learners |-> {}],
   [jointConfig |-> <<{1, 2, 3, 4, 5}, {}>>, learners |-> {}],
   [jointConfig |-> <<{1, 2, 3, 4, 5}, {}>>, learners |-> {}],
   [jointConfig |-> <<{1, 2, 3, 4, 5}, {}>>, learners |-> {}] >>
/\ votesResponded = <<{1, 4, 5}, {2, 3, 4}, {}, {}, {}>>
/\ reconfigCount = 0
/\ currentTerm = <<3, 2, 2, 3, 3>>
/\ votedFor = <<1, 2, 2, 1, 1>>
/\ pendingMessages = << >>
/\ pc = 59
/\ matchIndex = << <<2, 0, 0, 0, 0>>,
   <<0, 0, 0, 0, 0>>,
   <<0, 0, 0, 0, 0>>,
   <<0, 0, 0, 0, 0>>,
   <<0, 0, 0, 0, 0>> >>
/\ commitIndex = <<0, 0, 0, 0, 0>>
/\ pendingConfChangeIndex = <<0, 0, 0, 0, 0>>
/\ durableState = << [ currentTerm |-> 3,
     commitIndex |-> 0,
     log |-> 2,
     votedFor |-> 1,
     config |-> [jointConfig |-> <<{1, 2, 3, 4, 5}, {}>>, learners |-> {}],
     logEntries |->
         << [term |-> 1, type |-> ValueEntry, value |-> [val |-> 0]],
            [term |-> 3, type |-> ValueEntry, value |-> [val |-> 0]] >> ],
   [ currentTerm |-> 2,
     commitIndex |-> 0,
     log |-> 1,
     votedFor |-> 2,
     config |-> [jointConfig |-> <<{1, 2, 3, 4, 5}, {}>>, learners |-> {}],
     logEntries |->
         <<[term |-> 2, type |-> ValueEntry, value |-> [val |-> 0]]>> ],
   [ currentTerm |-> 2,
     commitIndex |-> 0,
     log |-> 0,
     votedFor |-> 2,
     config |-> [jointConfig |-> <<{1, 2, 3, 4, 5}, {}>>, learners |-> {}],
     logEntries |-> <<>> ],
   [ currentTerm |-> 3,
     commitIndex |-> 0,
     log |-> 0,
     votedFor |-> 1,
     config |-> [jointConfig |-> <<{1, 2, 3, 4, 5}, {}>>, learners |-> {}],
     logEntries |-> <<>> ],
   [ currentTerm |-> 3,
     commitIndex |-> 0,
     log |-> 0,
     votedFor |-> 1,
     config |-> [jointConfig |-> <<{1, 2, 3, 4, 5}, {}>>, learners |-> {}],
     logEntries |-> <<>> ] >>
/\ state = <<Leader, Leader, Follower, Follower, Follower>>
/\ messages = ( [ msource |-> 1,
    mdest |-> 4,
    mtype |-> AppendEntriesRequest,
    mterm |-> 3,
    msubtype |-> "app",
    mprevLogIndex |-> 0,
    mprevLogTerm |-> 0,
    mentries |->
        << [term |-> 1, type |-> ValueEntry, value |-> [val |-> 0]],
           [term |-> 3, type |-> ValueEntry, value |-> [val |-> 0]] >>,
    mcommitIndex |-> 0 ] :>
      1 @@
  [ msource |-> 1,
    mdest |-> 5,
    mtype |-> AppendEntriesRequest,
    mterm |-> 3,
    msubtype |-> "app",
    mprevLogIndex |-> 0,
    mprevLogTerm |-> 0,
    mentries |->
        << [term |-> 1, type |-> ValueEntry, value |-> [val |-> 0]],
           [term |-> 3, type |-> ValueEntry, value |-> [val |-> 0]] >>,
    mcommitIndex |-> 0 ] :>
      1 )
/\ log = << << [term |-> 1, type |-> ValueEntry, value |-> [val |-> 0]],
      [term |-> 3, type |-> ValueEntry, value |-> [val |-> 0]] >>,
   <<[term |-> 2, type |-> ValueEntry, value |-> [val |-> 0]]>>,
   <<>>,
   << [term |-> 1, type |-> ValueEntry, value |-> [val |-> 0]],
      [term |-> 3, type |-> ValueEntry, value |-> [val |-> 0]] >>,
   <<>> >>
/\ votesGranted = <<{1, 4, 5}, {2, 3, 4}, {}, {}, {}>>

State 61: <Step line 71, col 6 to line 71, col 50 of module MoreUpToDate>
/\ config = << [jointConfig |-> <<{1, 2, 3, 4, 5}, {}>>, learners |-> {}],
   [jointConfig |-> <<{1, 2, 3, 4, 5}, {}>>, learners |-> {}],
   [jointConfig |-> <<{1, 2, 3, 4, 5}, {}>>, learners |-> {}],
   [jointConfig |-> <<{1, 2, 3, 4, 5}, {}>>, learners |-> {}],
   [jointConfig |-> <<{1, 2, 3, 4, 5}, {}>>, learners |-> {}] >>
/\ votesResponded = <<{1, 4, 5}, {2, 3, 4}, {}, {}, {}>>
/\ reconfigCount = 0
/\ currentTerm = <<3, 2, 2, 3, 3>>
/\ votedFor = <<1, 2, 2, 1, 1>>
/\ pendingMessages = ( [ msource |-> 4,
    mdest |-> 1,
    mtype |-> AppendEntriesResponse,
    mterm |-> 3,
    msubtype |-> "app",
    msuccess |-> TRUE,
    mmatchIndex |-> 2 ] :>
      1 )
/\ pc = 60
/\ matchIndex = << <<2, 0, 0, 0, 0>>,
   <<0, 0, 0, 0, 0>>,
   <<0, 0, 0, 0, 0>>,
   <<0, 0, 0, 0, 0>>,
   <<0, 0, 0, 0, 0>> >>
/\ commitIndex = <<0, 0, 0, 0, 0>>
/\ pendingConfChangeIndex = <<0, 0, 0, 0, 0>>
/\ durableState = << [ currentTerm |-> 3,
     commitIndex |-> 0,
     log |-> 2,
     votedFor |-> 1,
     config |-> [jointConfig |-> <<{1, 2, 3, 4, 5}, {}>>, learners |-> {}],
     logEntries |->
         << [term |-> 1, type |-> ValueEntry, value |-> [val |-> 0]],
            [term |-> 3, type |-> ValueEntry, value |-> [val |-> 0]] >> ],
   [ currentTerm |-> 2,
     commitIndex |-> 0,
     log |-> 1,
     votedFor |-> 2,
     config |-> [jointConfig |-> <<{1, 2, 3, 4, 5}, {}>>, learners |-> {}],
     logEntries |->
         <<[term |-> 2, type |-> ValueEntry, value |-> [val |-> 0]]>> ],
   [ currentTerm |-> 2,
     commitIndex |-> 0,
     log |-> 0,
     votedFor |-> 2,
     config |-> [jointConfig |-> <<{1, 2, 3, 4, 5}, {}>>, learners |-> {}],
     logEntries |-> <<>> ],
   [ currentTerm |-> 3,
     commitIndex |-> 0,
     log |-> 0,
     votedFor |-> 1,
     config |-> [jointConfig |-> <<{1, 2, 3, 4, 5}, {}>>, learners |-> {}],
     logEntries |-> <<>> ],
   [ currentTerm |-> 3,
     commitIndex |-> 0,
     log |-> 0,
     votedFor |-> 1,
     config |-> [jointConfig |-> <<{1, 2, 3, 4, 5}, {}>>, learners |-> {}],
     logEntries |-> <<>> ] >>
/\ state = <<Leader, Leader, Follower, Follower, Follower>>
/\ messages = ( [ msource |-> 1,
    mdest |-> 5,
    mtype |-> AppendEntriesRequest,
    mterm |-> 3,
    msubtype |-> "app",
    mprevLogIndex |-> 0,
    mprevLogTerm |-> 0,
    mentries |->
        << [term |-> 1, type |-> ValueEntry, value |-> [val |-> 0]],
           [term |-> 3, type |-> ValueEntry, value |-> [val |-> 0]] >>,
    mcommitIndex |-> 0 ] :>
      1 )
/\ log = << << [term |-> 1, type |-> ValueEntry, value |-> [val |-> 0]],
      [term |-> 3, type |-> ValueEntry, value |-> [val |-> 0]] >>,
   <<[term |-> 2, type |-> ValueEntry, value |-> [val |-> 0]]>>,
   <<>>,
   << [term |-> 1, type |-> ValueEntry, value |-> [val |-> 0]],
      [term |-> 3, type |-> ValueEntry, value |-> [val |-> 0]] >>,
   <<>> >>
/\ votesGranted = <<{1, 4, 5}, {2, 3, 4}, {}, {}, {}>>

State 62: <Step line 72, col 6 to line 72, col 23 of module MoreUpToDate>
/\ config = << [jointConfig |-> <<{1, 2, 3, 4, 5}, {}>>, learners |-> {}],
   [jointConfig |-> <<{1, 2, 3, 4, 5}, {}>>, learners |-> {}],
   [jointConfig |-> <<{1, 2, 3, 4, 5}, {}>>, learners |-> {}],
   [jointConfig |-> <<{1, 2, 3, 4, 5}, {}>>, learners |-> {}],
   [jointConfig |-> <<{1, 2, 3, 4, 5}, {}>>, learners |-> {}] >>
/\ votesResponded = <<{1, 4, 5}, {2, 3, 4}, {}, {}, {}>>
/\ reconfigCount = 0
/\ currentTerm = <<3, 2, 2, 3, 3>>
/\ votedFor = <<1, 2, 2, 1, 1>>
/\ pendingMessages = << >>
/\ pc = 61
/\ matchIndex = << <<2, 0, 0, 0, 0>>,
   <<0, 0, 0, 0, 0>>,
   <<0, 0, 0, 0, 0>>,
   <<0, 0, 0, 0, 0>>,
   <<0, 0, 0, 0, 0>> >>
/\ commitIndex = <<0, 0, 0, 0, 0>>
/\ pendingConfChangeIndex = <<0, 0, 0, 0, 0>>
/\ durableState = << [ currentTerm |-> 3,
     commitIndex |-> 0,
     log |-> 2,
     votedFor |-> 1,
     config |-> [jointConfig |-> <<{1, 2, 3, 4, 5}, {}>>, learners |-> {}],
     logEntries |->
         << [term |-> 1, type |-> ValueEntry, value |-> [val |-> 0]],
            [term |-> 3, type |-> ValueEntry, value |-> [val |-> 0]] >> ],
   [ currentTerm |-> 2,
     commitIndex |-> 0,
     log |-> 1,
     votedFor |-> 2,
     config |-> [jointConfig |-> <<{1, 2, 3, 4, 5}, {}>>, learners |-> {}],
     logEntries |->
         <<[term |-> 2, type |-> ValueEntry, value |-> [val |-> 0]]>> ],
   [ currentTerm |-> 2,
     commitIndex |-> 0,
     log |-> 0,
     votedFor |-> 2,
     config |-> [jointConfig |-> <<{1, 2, 3, 4, 5}, {}>>, learners |-> {}],
     logEntries |-> <<>> ],
   [ currentTerm |-> 3,
     commitIndex |-> 0,
     log |-> 2,
     votedFor |-> 1,
     config |-> [jointConfig |-> <<{1, 2, 3, 4, 5}, {}>>, learners |-> {}],
     logEntries |->
         << [term |-> 1, type |-> ValueEntry, value |-> [val |-> 0]],
            [term |-> 3, type |-> ValueEntry, value |-> [val |-> 0]] >> ],
   [ currentTerm |-> 3,
     commitIndex |-> 0,
     log |-> 0,
     votedFor |-> 1,
     config |-> [jointConfig |-> <<{1, 2, 3, 4, 5}, {}>>, learners |-> {}],
     logEntries |-> <<>> ] >>
/\ state = <<Leader, Leader, Follower, Follower, Follower>>
/\ messages = ( [ msource |-> 4,
    mdest |-> 1,
    mtype |-> AppendEntriesResponse,
    mterm |-> 3,
    msubtype |-> "app",
    msuccess |-> TRUE,
    mmatchIndex |-> 2 ] :>
      1 @@
  [ msource |-> 1,
    mdest |-> 5,
    mtype |-> AppendEntriesRequest,
    mterm |-> 3,
    msubtype |-> "app",
    mprevLogIndex |-> 0,
    mprevLogTerm |-> 0,
    mentries |->
        << [term |-> 1, type |-> ValueEntry, value |-> [val |-> 0]],
           [term |-> 3, type |-> ValueEntry, value |-> [val |-> 0]] >>,
    mcommitIndex |-> 0 ] :>
      1 )
/\ log = << << [term |-> 1, type |-> ValueEntry, value |-> [val |-> 0]],
      [term |-> 3, type |-> ValueEntry, value |-> [val |-> 0]] >>,
   <<[term |-> 2, type |-> ValueEntry, value |-> [val |-> 0]]>>,
   <<>>,
   << [term |-> 1, type |-> ValueEntry, value |-> [val |-> 0]],
      [term |-> 3, type |-> ValueEntry, value |-> [val |-> 0]] >>,
   <<>> >>
/\ votesGranted = <<{1, 4, 5}, {2, 3, 4}, {}, {}, {}>>

State 63: <Step line 73, col 6 to line 73, col 46 of module MoreUpToDate>
/\ config = << [jointConfig |-> <<{1, 2, 3, 4, 5}, {}>>, learners |-> {}],
   [jointConfig |-> <<{1, 2, 3, 4, 5}, {}>>, learners |-> {}],
   [jointConfig |-> <<{1, 2, 3, 4, 5}, {}>>, learners |-> {}],
   [jointConfig |-> <<{1, 2, 3, 4, 5}, {}>>, learners |-> {}],
   [jointConfig |-> <<{1, 2, 3, 4, 5}, {}>>, learners |-> {}] >>
/\ votesResponded = <<{1, 4, 5}, {2, 3, 4}, {}, {}, {}>>
/\ reconfigCount = 0
/\ currentTerm = <<3, 2, 2, 3, 3>>
/\ votedFor = <<1, 2, 2, 1, 1>>
/\ pendingMessages = << >>
/\ pc = 62
/\ matchIndex = << <<2, 0, 0, 2, 0>>,
   <<0, 0, 0, 0, 0>>,
   <<0, 0, 0, 0, 0>>,
   <<0, 0, 0, 0, 0>>,
   <<0, 0, 0, 0, 0>> >>
/\ commitIndex = <<0, 0, 0, 0, 0>>
/\ pendingConfChangeIndex = <<0, 0, 0, 0, 0>>
/\ durableState = << [ currentTerm |-> 3,
     commitIndex |-> 0,
     log |-> 2,
     votedFor |-> 1,
     config |-> [jointConfig |-> <<{1, 2, 3, 4, 5}, {}>>, learners |-> {}],
     logEntries |->
         << [term |-> 1, type |-> ValueEntry, value |-> [val |-> 0]],
            [term |-> 3, type |-> ValueEntry, value |-> [val |-> 0]] >> ],
   [ currentTerm |-> 2,
     commitIndex |-> 0,
     log |-> 1,
     votedFor |-> 2,
     config |-> [jointConfig |-> <<{1, 2, 3, 4, 5}, {}>>, learners |-> {}],
     logEntries |->
         <<[term |-> 2, type |-> ValueEntry, value |-> [val |-> 0]]>> ],
   [ currentTerm |-> 2,
     commitIndex |-> 0,
     log |-> 0,
     votedFor |-> 2,
     config |-> [jointConfig |-> <<{1, 2, 3, 4, 5}, {}>>, learners |-> {}],
     logEntries |-> <<>> ],
   [ currentTerm |-> 3,
     commitIndex |-> 0,
     log |-> 2,
     votedFor |-> 1,
     config |-> [jointConfig |-> <<{1, 2, 3, 4, 5}, {}>>, learners |-> {}],
     logEntries |->
         << [term |-> 1, type |-> ValueEntry, value |-> [val |-> 0]],
            [term |-> 3, type |-> ValueEntry, value |-> [val |-> 0]] >> ],
   [ currentTerm |-> 3,
     commitIndex |-> 0,
     log |-> 0,
     votedFor |-> 1,
     config |-> [jointConfig |-> <<{1, 2, 3, 4, 5}, {}>>, learners |-> {}],
     logEntries |-> <<>> ] >>
/\ state = <<Leader, Leader, Follower, Follower, Follower>>
/\ messages = ( [ msource |-> 1,
    mdest |-> 5,
    mtype |-> AppendEntriesRequest,
    mterm |-> 3,
    msubtype |-> "app",
    mprevLogIndex |-> 0,
    mprevLogTerm |-> 0,
    mentries |->
        << [term |-> 1, type |-> ValueEntry, value |-> [val |-> 0]],
           [term |-> 3, type |-> ValueEntry, value |-> [val |-> 0]] >>,
    mcommitIndex |-> 0 ] :>
      1 )
/\ log = << << [term |-> 1, type |-> ValueEntry, value |-> [val |-> 0]],
      [term |-> 3, type |-> ValueEntry, value |-> [val |-> 0]] >>,
   <<[term |-> 2, type |-> ValueEntry, value |-> [val |-> 0]]>>,
   <<>>,
   << [term |-> 1, type |-> ValueEntry, value |-> [val |-> 0]],
      [term |-> 3, type |-> ValueEntry, value |-> [val |-> 0]] >>,
   <<>> >>
/\ votesGranted = <<{1, 4, 5}, {2, 3, 4}, {}, {}, {}>>

State 64: <Step line 74, col 6 to line 74, col 45 of module MoreUpToDate>
/\ config = << [jointConfig |-> <<{1, 2, 3, 4, 5}, {}>>, learners |-> {}],
   [jointConfig |-> <<{1, 2, 3, 4, 5}, {}>>, learners |-> {}],
   [jointConfig |-> <<{1, 2, 3, 4, 5}, {}>>, learners |-> {}],
   [jointConfig |-> <<{1, 2, 3, 4, 5}, {}>>, learners |-> {}],
   [jointConfig |-> <<{1, 2, 3, 4, 5}, {}>>, learners |-> {}] >>
/\ votesResponded = <<{1, 4, 5}, {2, 3, 4}, {}, {}, {}>>
/\ reconfigCount = 0
/\ currentTerm = <<3, 2, 2, 3, 3>>
/\ votedFor = <<1, 2, 2, 1, 1>>
/\ pendingMessages = << >>
/\ pc = 63
/\ matchIndex = << <<2, 0, 0, 2, 0>>,
   <<0, 0, 0, 0, 0>>,
   <<0, 0, 0, 0, 0>>,
   <<0, 0, 0, 0, 0>>,
   <<0, 0, 0, 0, 0>> >>
/\ commitIndex = <<0, 0, 0, 0, 0>>
/\ pendingConfChangeIndex = <<0, 0, 0, 0, 0>>
/\ durableState = << [ currentTerm |-> 3,
     commitIndex |-> 0,
     log |-> 2,
     votedFor |-> 1,
     config |-> [jointConfig |-> <<{1, 2, 3, 4, 5}, {}>>, learners |-> {}],
     logEntries |->
         << [term |-> 1, type |-> ValueEntry, value |-> [val |-> 0]],
            [term |-> 3, type |-> ValueEntry, value |-> [val |-> 0]] >> ],
   [ currentTerm |-> 2,
     commitIndex |-> 0,
     log |-> 1,
     votedFor |-> 2,
     config |-> [jointConfig |-> <<{1, 2, 3, 4, 5}, {}>>, learners |-> {}],
     logEntries |->
         <<[term |-> 2, type |-> ValueEntry, value |-> [val |-> 0]]>> ],
   [ currentTerm |-> 2,
     commitIndex |-> 0,
     log |-> 0,
     votedFor |-> 2,
     config |-> [jointConfig |-> <<{1, 2, 3, 4, 5}, {}>>, learners |-> {}],
     logEntries |-> <<>> ],
   [ currentTerm |-> 3,
     commitIndex |-> 0,
     log |-> 2,
     votedFor |-> 1,
     config |-> [jointConfig |-> <<{1, 2, 3, 4, 5}, {}>>, learners |-> {}],
     logEntries |->
         << [term |-> 1, type |-> ValueEntry, value |-> [val |-> 0]],
            [term |-> 3, type |-> ValueEntry, value |-> [val |-> 0]] >> ],
   [ currentTerm |-> 3,
     commitIndex |-> 0,
     log |-> 0,
     votedFor |-> 1,
     config |-> [jointConfig |-> <<{1, 2, 3, 4, 5}, {}>>, learners |-> {}],
     logEntries |-> <<>> ] >>
/\ state = <<Leader, Leader, Follower, Follower, Follower>>
/\ messages = ( [ msource |-> 1,
    mdest |-> 5,
    mtype |-> AppendEntriesRequest,
    mterm |-> 3,
    msubtype |-> "app",
    mprevLogIndex |-> 0,
    mprevLogTerm |-> 0,
    mentries |->
        << [term |-> 1, type |-> ValueEntry, value |-> [val |-> 0]],
           [term |-> 3, type |-> ValueEntry, value |-> [val |-> 0]] >>,
    mcommitIndex |-> 0 ] :>
      1 )
/\ log = << << [term |-> 1, type |-> ValueEntry, value |-> [val |-> 0]],
      [term |-> 3, type |-> ValueEntry, value |-> [val |-> 0]] >>,
   <<[term |-> 2, type |-> ValueEntry, value |-> [val |-> 0]]>>,
   <<>>,
   << [term |-> 1, type |-> ValueEntry, value |-> [val |-> 0]],
      [term |-> 3, type |-> ValueEntry, value |-> [val |-> 0]] >>,
   << [term |-> 1, type |-> ValueEntry, value |-> [val |-> 0]],
      [term |-> 3, type |-> ValueEntry, value |-> [val |-> 0]] >> >>
/\ votesGranted = <<{1, 4, 5}, {2, 3, 4}, {}, {}, {}>>

State 65: <Step line 75, col 6 to line 75, col 50 of module MoreUpToDate>
/\ config = << [jointConfig |-> <<{1, 2, 3, 4, 5}, {}>>, learners |-> {}],
   [jointConfig |-> <<{1, 2, 3, 4, 5}, {}>>, learners |-> {}],
   [jointConfig |-> <<{1, 2, 3, 4, 5}, {}>>, learners |-> {}],
   [jointConfig |-> <<{1, 2, 3, 4, 5}, {}>>, learners |-> {}],
   [jointConfig |-> <<{1, 2, 3, 4, 5}, {}>>, learners |-> {}] >>
/\ votesResponded = <<{1, 4, 5}, {2, 3, 4}, {}, {}, {}>>
/\ reconfigCount = 0
/\ currentTerm = <<3, 2, 2, 3, 3>>
/\ votedFor = <<1, 2, 2, 1, 1>>
/\ pendingMessages = ( [ msource |-> 5,
    mdest |-> 1,
    mtype |-> AppendEntriesResponse,
    mterm |-> 3,
    msubtype |-> "app",
    msuccess |-> TRUE,
    mmatchIndex |-> 2 ] :>
      1 )
/\ pc = 64
/\ matchIndex = << <<2, 0, 0, 2, 0>>,
   <<0, 0, 0, 0, 0>>,
   <<0, 0, 0, 0, 0>>,
   <<0, 0, 0, 0, 0>>,
   <<0, 0, 0, 0, 0>> >>
/\ commitIndex = <<0, 0, 0, 0, 0>>
/\ pendingConfChangeIndex = <<0, 0, 0, 0, 0>>
/\ durableState = << [ currentTerm |-> 3,
     commitIndex |-> 0,
     log |-> 2,
     votedFor |-> 1,
     config |-> [jointConfig |-> <<{1, 2, 3, 4, 5}, {}>>, learners |-> {}],
     logEntries |->
         << [term |-> 1, type |-> ValueEntry, value |-> [val |-> 0]],
            [term |-> 3, type |-> ValueEntry, value |-> [val |-> 0]] >> ],
   [ currentTerm |-> 2,
     commitIndex |-> 0,
     log |-> 1,
     votedFor |-> 2,
     config |-> [jointConfig |-> <<{1, 2, 3, 4, 5}, {}>>, learners |-> {}],
     logEntries |->
         <<[term |-> 2, type |-> ValueEntry, value |-> [val |-> 0]]>> ],
   [ currentTerm |-> 2,
     commitIndex |-> 0,
     log |-> 0,
     votedFor |-> 2,
     config |-> [jointConfig |-> <<{1, 2, 3, 4, 5}, {}>>, learners |-> {}],
     logEntries |-> <<>> ],
   [ currentTerm |-> 3,
     commitIndex |-> 0,
     log |-> 2,
     votedFor |-> 1,
     config |-> [jointConfig |-> <<{1, 2, 3, 4, 5}, {}>>, learners |-> {}],
     logEntries |->
         << [term |-> 1, type |-> ValueEntry, value |-> [val |-> 0]],
            [term |-> 3, type |-> ValueEntry, value |-> [val |-> 0]] >> ],
   [ currentTerm |-> 3,
     commitIndex |-> 0,
     log |-> 0,
     votedFor |-> 1,
     config |-> [jointConfig |-> <<{1, 2, 3, 4, 5}, {}>>, learners |-> {}],
     logEntries |-> <<>> ] >>
/\ state = <<Leader, Leader, Follower, Follower, Follower>>
/\ messages = << >>
/\ log = << << [term |-> 1, type |-> ValueEntry, value |-> [val |-> 0]],
      [term |-> 3, type |-> ValueEntry, value |-> [val |-> 0]] >>,
   <<[term |-> 2, type |-> ValueEntry, value |-> [val |-> 0]]>>,
   <<>>,
   << [term |-> 1, type |-> ValueEntry, value |-> [val |-> 0]],
      [term |-> 3, type |-> ValueEntry, value |-> [val |-> 0]] >>,
   << [term |-> 1, type |-> ValueEntry, value |-> [val |-> 0]],
      [term |-> 3, type |-> ValueEntry, value |-> [val |-> 0]] >> >>
/\ votesGranted = <<{1, 4, 5}, {2, 3, 4}, {}, {}, {}>>

State 66: <Step line 76, col 6 to line 76, col 23 of module MoreUpToDate>
/\ config = << [jointConfig |-> <<{1, 2, 3, 4, 5}, {}>>, learners |-> {}],
   [jointConfig |-> <<{1, 2, 3, 4, 5}, {}>>, learners |-> {}],
   [jointConfig |-> <<{1, 2, 3, 4, 5}, {}>>, learners |-> {}],
   [jointConfig |-> <<{1, 2, 3, 4, 5}, {}>>, learners |-> {}],
   [jointConfig |-> <<{1, 2, 3, 4, 5}, {}>>, learners |-> {}] >>
/\ votesResponded = <<{1, 4, 5}, {2, 3, 4}, {}, {}, {}>>
/\ reconfigCount = 0
/\ currentTerm = <<3, 2, 2, 3, 3>>
/\ votedFor = <<1, 2, 2, 1, 1>>
/\ pendingMessages = << >>
/\ pc = 65
/\ matchIndex = << <<2, 0, 0, 2, 0>>,
   <<0, 0, 0, 0, 0>>,
   <<0, 0, 0, 0, 0>>,
   <<0, 0, 0, 0, 0>>,
   <<0, 0, 0, 0, 0>> >>
/\ commitIndex = <<0, 0, 0, 0, 0>>
/\ pendingConfChangeIndex = <<0, 0, 0, 0, 0>>
/\ durableState = << [ currentTerm |-> 3,
     commitIndex |-> 0,
     log |-> 2,
     votedFor |-> 1,
     config |-> [jointConfig |-> <<{1, 2, 3, 4, 5}, {}>>, learners |-> {}],
     logEntries |->
         << [term |-> 1, type |-> ValueEntry, value |-> [val |-> 0]],
            [term |-> 3, type |-> ValueEntry, value |-> [val |-> 0]] >> ],
   [ currentTerm |-> 2,
     commitIndex |-> 0,
     log |-> 1,
     votedFor |-> 2,
     config |-> [jointConfig |-> <<{1, 2, 3, 4, 5}, {}>>, learners |-> {}],
     logEntries |->
         <<[term |-> 2, type |-> ValueEntry, value |-> [val |-> 0]]>> ],
   [ currentTerm |-> 2,
     commitIndex |-> 0,
     log |-> 0,
     votedFor |-> 2,
     config |-> [jointConfig |-> <<{1, 2, 3, 4, 5}, {}>>, learners |-> {}],
     logEntries |-> <<>> ],
   [ currentTerm |-> 3,
     commitIndex |-> 0,
     log |-> 2,
     votedFor |-> 1,
     config |-> [jointConfig |-> <<{1, 2, 3, 4, 5}, {}>>, learners |-> {}],
     logEntries |->
         << [term |-> 1, type |-> ValueEntry, value |-> [val |-> 0]],
            [term |-> 3, type |-> ValueEntry, value |-> [val |-> 0]] >> ],
   [ currentTerm |-> 3,
     commitIndex |-> 0,
     log |-> 2,
     votedFor |-> 1,
     config |-> [jointConfig |-> <<{1, 2, 3, 4, 5}, {}>>, learners |-> {}],
     logEntries |->
         << [term |-> 1, type |-> ValueEntry, value |-> [val |-> 0]],
            [term |-> 3, type |-> ValueEntry, value |-> [val |-> 0]] >> ] >>
/\ state = <<Leader, Leader, Follower, Follower, Follower>>
/\ messages = ( [ msource |-> 5,
    mdest |-> 1,
    mtype |-> AppendEntriesResponse,
    mterm |-> 3,
    msubtype |-> "app",
    msuccess |-> TRUE,
    mmatchIndex |-> 2 ] :>
      1 )
/\ log = << << [term |-> 1, type |-> ValueEntry, value |-> [val |-> 0]],
      [term |-> 3, type |-> ValueEntry, value |-> [val |-> 0]] >>,
   <<[term |-> 2, type |-> ValueEntry, value |-> [val |-> 0]]>>,
   <<>>,
   << [term |-> 1, type |-> ValueEntry, value |-> [val |-> 0]],
      [term |-> 3, type |-> ValueEntry, value |-> [val |-> 0]] >>,
   << [term |-> 1, type |-> ValueEntry, value |-> [val |-> 0]],
      [term |-> 3, type |-> ValueEntry, value |-> [val |-> 0]] >> >>
/\ votesGranted = <<{1, 4, 5}, {2, 3, 4}, {}, {}, {}>>

State 67: <Step line 77, col 6 to line 77, col 46 of module MoreUpToDate>
/\ config = << [jointConfig |-> <<{1, 2, 3, 4, 5}, {}>>, learners |-> {}],
   [jointConfig |-> <<{1, 2, 3, 4, 5}, {}>>, learners |-> {}],
   [jointConfig |-> <<{1, 2, 3, 4, 5}, {}>>, learners |-> {}],
   [jointConfig |-> <<{1, 2, 3, 4, 5}, {}>>, learners |-> {}],
   [jointConfig |-> <<{1, 2, 3, 4, 5}, {}>>, learners |-> {}] >>
/\ votesResponded = <<{1, 4, 5}, {2, 3, 4}, {}, {}, {}>>
/\ reconfigCount = 0
/\ currentTerm = <<3, 2, 2, 3, 3>>
/\ votedFor = <<1, 2, 2, 1, 1>>
/\ pendingMessages = << >>
/\ pc = 66
/\ matchIndex = << <<2, 0, 0, 2, 2>>,
   <<0, 0, 0, 0, 0>>,
   <<0, 0, 0, 0, 0>>,
   <<0, 0, 0, 0, 0>>,
   <<0, 0, 0, 0, 0>> >>
/\ commitIndex = <<0, 0, 0, 0, 0>>
/\ pendingConfChangeIndex = <<0, 0, 0, 0, 0>>
/\ durableState = << [ currentTerm |-> 3,
     commitIndex |-> 0,
     log |-> 2,
     votedFor |-> 1,
     config |-> [jointConfig |-> <<{1, 2, 3, 4, 5}, {}>>, learners |-> {}],
     logEntries |->
         << [term |-> 1, type |-> ValueEntry, value |-> [val |-> 0]],
            [term |-> 3, type |-> ValueEntry, value |-> [val |-> 0]] >> ],
   [ currentTerm |-> 2,
     commitIndex |-> 0,
     log |-> 1,
     votedFor |-> 2,
     config |-> [jointConfig |-> <<{1, 2, 3, 4, 5}, {}>>, learners |-> {}],
     logEntries |->
         <<[term |-> 2, type |-> ValueEntry, value |-> [val |-> 0]]>> ],
   [ currentTerm |-> 2,
     commitIndex |-> 0,
     log |-> 0,
     votedFor |-> 2,
     config |-> [jointConfig |-> <<{1, 2, 3, 4, 5}, {}>>, learners |-> {}],
     logEntries |-> <<>> ],
   [ currentTerm |-> 3,
     commitIndex |-> 0,
     log |-> 2,
     votedFor |-> 1,
     config |-> [jointConfig |-> <<{1, 2, 3, 4, 5}, {}>>, learners |-> {}],
     logEntries |->
         << [term |-> 1, type |-> ValueEntry, value |-> [val |-> 0]],
            [term |-> 3, type |-> ValueEntry, value |-> [val |-> 0]] >> ],
   [ currentTerm |-> 3,
     commitIndex |-> 0,
     log |-> 2,
     votedFor |-> 1,
     config |-> [jointConfig |-> <<{1, 2, 3, 4, 5}, {}>>, learners |-> {}],
     logEntries |->
         << [term |-> 1, type |-> ValueEntry, value |-> [val |-> 0]],
            [term |-> 3, type |-> ValueEntry, value |-> [val |-> 0]] >> ] >>
/\ state = <<Leader, Leader, Follower, Follower, Follower>>
/\ messages = << >>
/\ log = << << [term |-> 1, type |-> ValueEntry, value |-> [val |-> 0]],
      [term |-> 3, type |-> ValueEntry, value |-> [val |-> 0]] >>,
   <<[term |-> 2, type |-> ValueEntry, value |-> [val |-> 0]]>>,
   <<>>,
   << [term |-> 1, type |-> ValueEntry, value |-> [val |-> 0]],
      [term |-> 3, type |-> ValueEntry, value |-> [val |-> 0]] >>,
   << [term |-> 1, type |-> ValueEntry, value |-> [val |-> 0]],
      [term |-> 3, type |-> ValueEntry, value |-> [val |-> 0]] >> >>
/\ votesGranted = <<{1, 4, 5}, {2, 3, 4}, {}, {}, {}>>

State 68: <Step line 78, col 6 to line 78, col 36 of module MoreUpToDate>
/\ config = << [jointConfig |-> <<{1, 2, 3, 4, 5}, {}>>, learners |-> {}],
   [jointConfig |-> <<{1, 2, 3, 4, 5}, {}>>, learners |-> {}],
   [jointConfig |-> <<{1, 2, 3, 4, 5}, {}>>, learners |-> {}],
   [jointConfig |-> <<{1, 2, 3, 4, 5}, {}>>, learners |-> {}],
   [jointConfig |-> <<{1, 2, 3, 4, 5}, {}>>, learners |-> {}] >>
/\ votesResponded = <<{1, 4, 5}, {2, 3, 4}, {}, {}, {}>>
/\ reconfigCount = 0
/\ currentTerm = <<3, 2, 2, 3, 3>>
/\ votedFor = <<1, 2, 2, 1, 1>>
/\ pendingMessages = << >>
/\ pc = 67
/\ matchIndex = << <<2, 0, 0, 2, 2>>,
   <<0, 0, 0, 0, 0>>,
   <<0, 0, 0, 0, 0>>,
   <<0, 0, 0, 0, 0>>,
   <<0, 0, 0, 0, 0>> >>
/\ commitIndex = <<2, 0, 0, 0, 0>>
/\ pendingConfChangeIndex = <<0, 0, 0, 0, 0>>
/\ durableState = << [ currentTerm |-> 3,
     commitIndex |-> 0,
     log |-> 2,
     votedFor |-> 1,
     config |-> [jointConfig |-> <<{1, 2, 3, 4, 5}, {}>>, learners |-> {}],
     logEntries |->
         << [term |-> 1, type |-> ValueEntry, value |-> [val |-> 0]],
            [term |-> 3, type |-> ValueEntry, value |-> [val |-> 0]] >> ],
   [ currentTerm |-> 2,
     commitIndex |-> 0,
     log |-> 1,
     votedFor |-> 2,
     config |-> [jointConfig |-> <<{1, 2, 3, 4, 5}, {}>>, learners |-> {}],
     logEntries |->
         <<[term |-> 2, type |-> ValueEntry, value |-> [val |-> 0]]>> ],
   [ currentTerm |-> 2,
     commitIndex |-> 0,
     log |-> 0,
     votedFor |-> 2,
     config |-> [jointConfig |-> <<{1, 2, 3, 4, 5}, {}>>, learners |-> {}],
     logEntries |-> <<>> ],
   [ currentTerm |-> 3,
     commitIndex |-> 0,
     log |-> 2,
     votedFor |-> 1,
     config |-> [jointConfig |-> <<{1, 2, 3, 4, 5}, {}>>, learners |-> {}],
     logEntries |->
         << [term |-> 1, type |-> ValueEntry, value |-> [val |-> 0]],
            [term |-> 3, type |-> ValueEntry, value |-> [val |-> 0]] >> ],
   [ currentTerm |-> 3,
     commitIndex |-> 0,
     log |-> 2,
     votedFor |-> 1,
     config |-> [jointConfig |-> <<{1, 2, 3, 4, 5}, {}>>, learners |-> {}],
     logEntries |->
         << [term |-> 1, type |-> ValueEntry, value |-> [val |-> 0]],
            [term |-> 3, type |-> ValueEntry, value |-> [val |-> 0]] >> ] >>
/\ state = <<Leader, Leader, Follower, Follower, Follower>>
/\ messages = << >>
/\ log = << << [term |-> 1, type |-> ValueEntry, value |-> [val |-> 0]],
      [term |-> 3, type |-> ValueEntry, value |-> [val |-> 0]] >>,
   <<[term |-> 2, type |-> ValueEntry, value |-> [val |-> 0]]>>,
   <<>>,
   << [term |-> 1, type |-> ValueEntry, value |-> [val |-> 0]],
      [term |-> 3, type |-> ValueEntry, value |-> [val |-> 0]] >>,
   << [term |-> 1, type |-> ValueEntry, value |-> [val |-> 0]],
      [term |-> 3, type |-> ValueEntry, value |-> [val |-> 0]] >> >>
/\ votesGranted = <<{1, 4, 5}, {2, 3, 4}, {}, {}, {}>>

State 69: <Step line 79, col 6 to line 79, col 34 of module MoreUpToDate>
/\ config = << [jointConfig |-> <<{1, 2, 3, 4, 5}, {}>>, learners |-> {}],
   [jointConfig |-> <<{1, 2, 3, 4, 5}, {}>>, learners |-> {}],
   [jointConfig |-> <<{1, 2, 3, 4, 5}, {}>>, learners |-> {}],
   [jointConfig |-> <<{1, 2, 3, 4, 5}, {}>>, learners |-> {}],
   [jointConfig |-> <<{1, 2, 3, 4, 5}, {}>>, learners |-> {}] >>
/\ votesResponded = <<{1, 4, 5}, {2, 3, 4}, {}, {}, {}>>
/\ reconfigCount = 0
/\ currentTerm = <<3, 2, 2, 3, 3>>
/\ votedFor = <<1, 2, 2, 1, 1>>
/\ pendingMessages = ( [ msource |-> 1,
    mdest |-> 3,
    mtype |-> AppendEntriesRequest,
    mterm |-> 3,
    msubtype |-> "snapshot",
    mprevLogIndex |-> 0,
    mprevLogTerm |-> 0,
    mentries |-> <<[term |-> 1, type |-> ValueEntry, value |-> [val |-> 0]]>>,
    mcommitIndex |-> 1 ] :>
      1 )
/\ pc = 68
/\ matchIndex = << <<2, 0, 0, 2, 2>>,
   <<0, 0, 0, 0, 0>>,
   <<0, 0, 0, 0, 0>>,
   <<0, 0, 0, 0, 0>>,
   <<0, 0, 0, 0, 0>> >>
/\ commitIndex = <<2, 0, 0, 0, 0>>
/\ pendingConfChangeIndex = <<0, 0, 0, 0, 0>>
/\ durableState = << [ currentTerm |-> 3,
     commitIndex |-> 0,
     log |-> 2,
     votedFor |-> 1,
     config |-> [jointConfig |-> <<{1, 2, 3, 4, 5}, {}>>, learners |-> {}],
     logEntries |->
         << [term |-> 1, type |-> ValueEntry, value |-> [val |-> 0]],
            [term |-> 3, type |-> ValueEntry, value |-> [val |-> 0]] >> ],
   [ currentTerm |-> 2,
     commitIndex |-> 0,
     log |-> 1,
     votedFor |-> 2,
     config |-> [jointConfig |-> <<{1, 2, 3, 4, 5}, {}>>, learners |-> {}],
     logEntries |->
         <<[term |-> 2, type |-> ValueEntry, value |-> [val |-> 0]]>> ],
   [ currentTerm |-> 2,
     commitIndex |-> 0,
     log |-> 0,
     votedFor |-> 2,
     config |-> [jointConfig |-> <<{1, 2, 3, 4, 5}, {}>>, learners |-> {}],
     logEntries |-> <<>> ],
   [ currentTerm |-> 3,
     commitIndex |-> 0,
     log |-> 2,
     votedFor |-> 1,
     config |-> [jointConfig |-> <<{1, 2, 3, 4, 5}, {}>>, learners |-> {}],
     logEntries |->
         << [term |-> 1, type |-> ValueEntry, value |-> [val |-> 0]],
            [term |-> 3, type |-> ValueEntry, value |-> [val |-> 0]] >> ],
   [ currentTerm |-> 3,
     commitIndex |-> 0,
     log |-> 2,
     votedFor |-> 1,
     config |-> [jointConfig |-> <<{1, 2, 3, 4, 5}, {}>>, learners |-> {}],
     logEntries |->
         << [term |-> 1, type |-> ValueEntry, value |-> [val |-> 0]],
            [term |-> 3, type |-> ValueEntry, value |-> [val |-> 0]] >> ] >>
/\ state = <<Leader, Leader, Follower, Follower, Follower>>
/\ messages = << >>
/\ log = << << [term |-> 1, type |-> ValueEntry, value |-> [val |-> 0]],
      [term |-> 3, type |-> ValueEntry, value |-> [val |-> 0]] >>,
   <<[term |-> 2, type |-> ValueEntry, value |-> [val |-> 0]]>>,
   <<>>,
   << [term |-> 1, type |-> ValueEntry, value |-> [val |-> 0]],
      [term |-> 3, type |-> ValueEntry, value |-> [val |-> 0]] >>,
   << [term |-> 1, type |-> ValueEntry, value |-> [val |-> 0]],
      [term |-> 3, type |-> ValueEntry, value |-> [val |-> 0]] >> >>
/\ votesGranted = <<{1, 4, 5}, {2, 3, 4}, {}, {}, {}>>

State 70: <Step line 80, col 6 to line 80, col 23 of module MoreUpToDate>
/\ config = << [jointConfig |-> <<{1, 2, 3, 4, 5}, {}>>, learners |-> {}],
   [jointConfig |-> <<{1, 2, 3, 4, 5}, {}>>, learners |-> {}],
   [jointConfig |-> <<{1, 2, 3, 4, 5}, {}>>, learners |-> {}],
   [jointConfig |-> <<{1, 2, 3, 4, 5}, {}>>, learners |-> {}],
   [jointConfig |-> <<{1, 2, 3, 4, 5}, {}>>, learners |-> {}] >>
/\ votesResponded = <<{1, 4, 5}, {2, 3, 4}, {}, {}, {}>>
/\ reconfigCount = 0
/\ currentTerm = <<3, 2, 2, 3, 3>>
/\ votedFor = <<1, 2, 2, 1, 1>>
/\ pendingMessages = << >>
/\ pc = 69
/\ matchIndex = << <<2, 0, 0, 2, 2>>,
   <<0, 0, 0, 0, 0>>,
   <<0, 0, 0, 0, 0>>,
   <<0, 0, 0, 0, 0>>,
   <<0, 0, 0, 0, 0>> >>
/\ commitIndex = <<2, 0, 0, 0, 0>>
/\ pendingConfChangeIndex = <<0, 0, 0, 0, 0>>
/\ durableState = << [ currentTerm |-> 3,
     commitIndex |-> 2,
     log |-> 2,
     votedFor |-> 1,
     config |-> [jointConfig |-> <<{1, 2, 3, 4, 5}, {}>>, learners |-> {}],
     logEntries |->
         << [term |-> 1, type |-> ValueEntry, value |-> [val |-> 0]],
            [term |-> 3, type |-> ValueEntry, value |-> [val |-> 0]] >> ],
   [ currentTerm |-> 2,
     commitIndex |-> 0,
     log |-> 1,
     votedFor |-> 2,
     config |-> [jointConfig |-> <<{1, 2, 3, 4, 5}, {}>>, learners |-> {}],
     logEntries |->
         <<[term |-> 2, type |-> ValueEntry, value |-> [val |-> 0]]>> ],
   [ currentTerm |-> 2,
     commitIndex |-> 0,
     log |-> 0,
     votedFor |-> 2,
     config |-> [jointConfig |-> <<{1, 2, 3, 4, 5}, {}>>, learners |-> {}],
     logEntries |-> <<>> ],
   [ currentTerm |-> 3,
     commitIndex |-> 0,
     log |-> 2,
     votedFor |-> 1,
     config |-> [jointConfig |-> <<{1, 2, 3, 4, 5}, {}>>, learners |-> {}],
     logEntries |->
         << [term |-> 1, type |-> ValueEntry, value |-> [val |-> 0]],
            [term |-> 3, type |-> ValueEntry, value |-> [val |-> 0]] >> ],
   [ currentTerm |-> 3,
     commitIndex |-> 0,
     log |-> 2,
     votedFor |-> 1,
     config |-> [jointConfig |-> <<{1, 2, 3, 4, 5}, {}>>, learners |-> {}],
     logEntries |->
         << [term |-> 1, type |-> ValueEntry, value |-> [val |-> 0]],
            [term |-> 3, type |-> ValueEntry, value |-> [val |-> 0]] >> ] >>
/\ state = <<Leader, Leader, Follower, Follower, Follower>>
/\ messages = ( [ msource |-> 1,
    mdest |-> 3,
    mtype |-> AppendEntriesRequest,
    mterm |-> 3,
    msubtype |-> "snapshot",
    mprevLogIndex |-> 0,
    mprevLogTerm |-> 0,
    mentries |-> <<[term |-> 1, type |-> ValueEntry, value |-> [val |-> 0]]>>,
    mcommitIndex |-> 1 ] :>
      1 )
/\ log = << << [term |-> 1, type |-> ValueEntry, value |-> [val |-> 0]],
      [term |-> 3, type |-> ValueEntry, value |-> [val |-> 0]] >>,
   <<[term |-> 2, type |-> ValueEntry, value |-> [val |-> 0]]>>,
   <<>>,
   << [term |-> 1, type |-> ValueEntry, value |-> [val |-> 0]],
      [term |-> 3, type |-> ValueEntry, value |-> [val |-> 0]] >>,
   << [term |-> 1, type |-> ValueEntry, value |-> [val |-> 0]],
      [term |-> 3, type |-> ValueEntry, value |-> [val |-> 0]] >> >>
/\ votesGranted = <<{1, 4, 5}, {2, 3, 4}, {}, {}, {}>>

State 71: <Step line 81, col 6 to line 81, col 45 of module MoreUpToDate>
/\ config = << [jointConfig |-> <<{1, 2, 3, 4, 5}, {}>>, learners |-> {}],
   [jointConfig |-> <<{1, 2, 3, 4, 5}, {}>>, learners |-> {}],
   [jointConfig |-> <<{1, 2, 3, 4, 5}, {}>>, learners |-> {}],
   [jointConfig |-> <<{1, 2, 3, 4, 5}, {}>>, learners |-> {}],
   [jointConfig |-> <<{1, 2, 3, 4, 5}, {}>>, learners |-> {}] >>
/\ votesResponded = <<{1, 4, 5}, {2, 3, 4}, {}, {}, {}>>
/\ reconfigCount = 0
/\ currentTerm = <<3, 2, 3, 3, 3>>
/\ votedFor = <<1, 2, Nil, 1, 1>>
/\ pendingMessages = << >>
/\ pc = 70
/\ matchIndex = << <<2, 0, 0, 2, 2>>,
   <<0, 0, 0, 0, 0>>,
   <<0, 0, 0, 0, 0>>,
   <<0, 0, 0, 0, 0>>,
   <<0, 0, 0, 0, 0>> >>
/\ commitIndex = <<2, 0, 0, 0, 0>>
/\ pendingConfChangeIndex = <<0, 0, 0, 0, 0>>
/\ durableState = << [ currentTerm |-> 3,
     commitIndex |-> 2,
     log |-> 2,
     votedFor |-> 1,
     config |-> [jointConfig |-> <<{1, 2, 3, 4, 5}, {}>>, learners |-> {}],
     logEntries |->
         << [term |-> 1, type |-> ValueEntry, value |-> [val |-> 0]],
            [term |-> 3, type |-> ValueEntry, value |-> [val |-> 0]] >> ],
   [ currentTerm |-> 2,
     commitIndex |-> 0,
     log |-> 1,
     votedFor |-> 2,
     config |-> [jointConfig |-> <<{1, 2, 3, 4, 5}, {}>>, learners |-> {}],
     logEntries |->
         <<[term |-> 2, type |-> ValueEntry, value |-> [val |-> 0]]>> ],
   [ currentTerm |-> 2,
     commitIndex |-> 0,
     log |-> 0,
     votedFor |-> 2,
     config |-> [jointConfig |-> <<{1, 2, 3, 4, 5}, {}>>, learners |-> {}],
     logEntries |-> <<>> ],
   [ currentTerm |-> 3,
     commitIndex |-> 0,
     log |-> 2,
     votedFor |-> 1,
     config |-> [jointConfig |-> <<{1, 2, 3, 4, 5}, {}>>, learners |-> {}],
     logEntries |->
         << [term |-> 1, type |-> ValueEntry, value |-> [val |-> 0]],
            [term |-> 3, type |-> ValueEntry, value |-> [val |-> 0]] >> ],
   [ currentTerm |-> 3,
     commitIndex |-> 0,
     log |-> 2,
     votedFor |-> 1,
     config |-> [jointConfig |-> <<{1, 2, 3, 4, 5}, {}>>, learners |-> {}],
     logEntries |->
         << [term |-> 1, type |-> ValueEntry, value |-> [val |-> 0]],
            [term |-> 3, type |-> ValueEntry, value |-> [val |-> 0]] >> ] >>
/\ state = <<Leader, Leader, Follower, Follower, Follower>>
/\ messages = ( [ msource |-> 1,
    mdest |-> 3,
    mtype |-> AppendEntriesRequest,
    mterm |-> 3,
    msubtype |-> "snapshot",
    mprevLogIndex |-> 0,
    mprevLogTerm |-> 0,
    mentries |-> <<[term |-> 1, type |-> ValueEntry, value |-> [val |-> 0]]>>,
    mcommitIndex |-> 1 ] :>
      1 )
/\ log = << << [term |-> 1, type |-> ValueEntry, value |-> [val |-> 0]],
      [term |-> 3, type |-> ValueEntry, value |-> [val |-> 0]] >>,
   <<[term |-> 2, type |-> ValueEntry, value |-> [val |-> 0]]>>,
   <<>>,
   << [term |-> 1, type |-> ValueEntry, value |-> [val |-> 0]],
      [term |-> 3, type |-> ValueEntry, value |-> [val |-> 0]] >>,
   << [term |-> 1, type |-> ValueEntry, value |-> [val |-> 0]],
      [term |-> 3, type |-> ValueEntry, value |-> [val |-> 0]] >> >>
/\ votesGranted = <<{1, 4, 5}, {2, 3, 4}, {}, {}, {}>>

State 72: <Step line 82, col 6 to line 82, col 45 of module MoreUpToDate>
/\ config = << [jointConfig |-> <<{1, 2, 3, 4, 5}, {}>>, learners |-> {}],
   [jointConfig |-> <<{1, 2, 3, 4, 5}, {}>>, learners |-> {}],
   [jointConfig |-> <<{1, 2, 3, 4, 5}, {}>>, learners |-> {}],
   [jointConfig |-> <<{1, 2, 3, 4, 5}, {}>>, learners |-> {}],
   [jointConfig |-> <<{1, 2, 3, 4, 5}, {}>>, learners |-> {}] >>
/\ votesResponded = <<{1, 4, 5}, {2, 3, 4}, {}, {}, {}>>
/\ reconfigCount = 0
/\ currentTerm = <<3, 2, 3, 3, 3>>
/\ votedFor = <<1, 2, Nil, 1, 1>>
/\ pendingMessages = << >>
/\ pc = 71
/\ matchIndex = << <<2, 0, 0, 2, 2>>,
   <<0, 0, 0, 0, 0>>,
   <<0, 0, 0, 0, 0>>,
   <<0, 0, 0, 0, 0>>,
   <<0, 0, 0, 0, 0>> >>
/\ commitIndex = <<2, 0, 0, 0, 0>>
/\ pendingConfChangeIndex = <<0, 0, 0, 0, 0>>
/\ durableState = << [ currentTerm |-> 3,
     commitIndex |-> 2,
     log |-> 2,
     votedFor |-> 1,
     config |-> [jointConfig |-> <<{1, 2, 3, 4, 5}, {}>>, learners |-> {}],
     logEntries |->
         << [term |-> 1, type |-> ValueEntry, value |-> [val |-> 0]],
            [term |-> 3, type |-> ValueEntry, value |-> [val |-> 0]] >> ],
   [ currentTerm |-> 2,
     commitIndex |-> 0,
     log |-> 1,
     votedFor |-> 2,
     config |-> [jointConfig |-> <<{1, 2, 3, 4, 5}, {}>>, learners |-> {}],
     logEntries |->
         <<[term |-> 2, type |-> ValueEntry, value |-> [val |-> 0]]>> ],
   [ currentTerm |-> 2,
     commitIndex |-> 0,
     log |-> 0,
     votedFor |-> 2,
     config |-> [jointConfig |-> <<{1, 2, 3, 4, 5}, {}>>, learners |-> {}],
     logEntries |-> <<>> ],
   [ currentTerm |-> 3,
     commitIndex |-> 0,
     log |-> 2,
     votedFor |-> 1,
     config |-> [jointConfig |-> <<{1, 2, 3, 4, 5}, {}>>, learners |-> {}],
     logEntries |->
         << [term |-> 1, type |-> ValueEntry, value |-> [val |-> 0]],
            [term |-> 3, type |-> ValueEntry, value |-> [val |-> 0]] >> ],
   [ currentTerm |-> 3,
     commitIndex |-> 0,
     log |-> 2,
     votedFor |-> 1,
     config |-> [jointConfig |-> <<{1, 2, 3, 4, 5}, {}>>, learners |-> {}],
     logEntries |->
         << [term |-> 1, type |-> ValueEntry, value |-> [val |-> 0]],
            [term |-> 3, type |-> ValueEntry, value |-> [val |-> 0]] >> ] >>
/\ state = <<Leader, Leader, Follower, Follower, Follower>>
/\ messages = ( [ msource |-> 1,
    mdest |-> 3,
    mtype |-> AppendEntriesRequest,
    mterm |-> 3,
    msubtype |-> "snapshot",
    mprevLogIndex |-> 0,
    mprevLogTerm |-> 0,
    mentries |-> <<[term |-> 1, type |-> ValueEntry, value |-> [val |-> 0]]>>,
    mcommitIndex |-> 1 ] :>
      1 )
/\ log = << << [term |-> 1, type |-> ValueEntry, value |-> [val |-> 0]],
      [term |-> 3, type |-> ValueEntry, value |-> [val |-> 0]] >>,
   <<[term |-> 2, type |-> ValueEntry, value |-> [val |-> 0]]>>,
   <<[term |-> 1, type |-> ValueEntry, value |-> [val |-> 0]]>>,
   << [term |-> 1, type |-> ValueEntry, value |-> [val |-> 0]],
      [term |-> 3, type |-> ValueEntry, value |-> [val |-> 0]] >>,
   << [term |-> 1, type |-> ValueEntry, value |-> [val |-> 0]],
      [term |-> 3, type |-> ValueEntry, value |-> [val |-> 0]] >> >>
/\ votesGranted = <<{1, 4, 5}, {2, 3, 4}, {}, {}, {}>>

State 73: <Step line 83, col 6 to line 83, col 50 of module MoreUpToDate>
/\ config = << [jointConfig |-> <<{1, 2, 3, 4, 5}, {}>>, learners |-> {}],
   [jointConfig |-> <<{1, 2, 3, 4, 5}, {}>>, learners |-> {}],
   [jointConfig |-> <<{1, 2, 3, 4, 5}, {}>>, learners |-> {}],
   [jointConfig |-> <<{1, 2, 3, 4, 5}, {}>>, learners |-> {}],
   [jointConfig |-> <<{1, 2, 3, 4, 5}, {}>>, learners |-> {}] >>
/\ votesResponded = <<{1, 4, 5}, {2, 3, 4}, {}, {}, {}>>
/\ reconfigCount = 0
/\ currentTerm = <<3, 2, 3, 3, 3>>
/\ votedFor = <<1, 2, Nil, 1, 1>>
/\ pendingMessages = ( [ msource |-> 3,
    mdest |-> 1,
    mtype |-> AppendEntriesResponse,
    mterm |-> 3,
    msubtype |-> "snapshot",
    msuccess |-> TRUE,
    mmatchIndex |-> 1 ] :>
      1 )
/\ pc = 72
/\ matchIndex = << <<2, 0, 0, 2, 2>>,
   <<0, 0, 0, 0, 0>>,
   <<0, 0, 0, 0, 0>>,
   <<0, 0, 0, 0, 0>>,
   <<0, 0, 0, 0, 0>> >>
/\ commitIndex = <<2, 0, 1, 0, 0>>
/\ pendingConfChangeIndex = <<0, 0, 0, 0, 0>>
/\ durableState = << [ currentTerm |-> 3,
     commitIndex |-> 2,
     log |-> 2,
     votedFor |-> 1,
     config |-> [jointConfig |-> <<{1, 2, 3, 4, 5}, {}>>, learners |-> {}],
     logEntries |->
         << [term |-> 1, type |-> ValueEntry, value |-> [val |-> 0]],
            [term |-> 3, type |-> ValueEntry, value |-> [val |-> 0]] >> ],
   [ currentTerm |-> 2,
     commitIndex |-> 0,
     log |-> 1,
     votedFor |-> 2,
     config |-> [jointConfig |-> <<{1, 2, 3, 4, 5}, {}>>, learners |-> {}],
     logEntries |->
         <<[term |-> 2, type |-> ValueEntry, value |-> [val |-> 0]]>> ],
   [ currentTerm |-> 2,
     commitIndex |-> 0,
     log |-> 0,
     votedFor |-> 2,
     config |-> [jointConfig |-> <<{1, 2, 3, 4, 5}, {}>>, learners |-> {}],
     logEntries |-> <<>> ],
   [ currentTerm |-> 3,
     commitIndex |-> 0,
     log |-> 2,
     votedFor |-> 1,
     config |-> [jointConfig |-> <<{1, 2, 3, 4, 5}, {}>>, learners |-> {}],
     logEntries |->
         << [term |-> 1, type |-> ValueEntry, value |-> [val |-> 0]],
            [term |-> 3, type |-> ValueEntry, value |-> [val |-> 0]] >> ],
   [ currentTerm |-> 3,
     commitIndex |-> 0,
     log |-> 2,
     votedFor |-> 1,
     config |-> [jointConfig |-> <<{1, 2, 3, 4, 5}, {}>>, learners |-> {}],
     logEntries |->
         << [term |-> 1, type |-> ValueEntry, value |-> [val |-> 0]],
            [term |-> 3, type |-> ValueEntry, value |-> [val |-> 0]] >> ] >>
/\ state = <<Leader, Leader, Follower, Follower, Follower>>
/\ messages = << >>
/\ log = << << [term |-> 1, type |-> ValueEntry, value |-> [val |-> 0]],
      [term |-> 3, type |-> ValueEntry, value |-> [val |-> 0]] >>,
   <<[term |-> 2, type |-> ValueEntry, value |-> [val |-> 0]]>>,
   <<[term |-> 1, type |-> ValueEntry, value |-> [val |-> 0]]>>,
   << [term |-> 1, type |-> ValueEntry, value |-> [val |-> 0]],
      [term |-> 3, type |-> ValueEntry, value |-> [val |-> 0]] >>,
   << [term |-> 1, type |-> ValueEntry, value |-> [val |-> 0]],
      [term |-> 3, type |-> ValueEntry, value |-> [val |-> 0]] >> >>
/\ votesGranted = <<{1, 4, 5}, {2, 3, 4}, {}, {}, {}>>

73 states generated, 73 distinct states found, 0 states left on queue.
The depth of the complete state graph search is 73.
The average outdegree of the complete state graph is 1 (minimum is 1, the maximum 1 and the 95th percentile is 1).
Finished in 01s at (2026-10-04 12:46:50)
